barcode,price,active,quantity
6001087379267,750,0,0
620514020761,90,1,11
620514020341,150,1,12
6291055009351,750,0,0
8964000873816,300,0,1
104405,350,0,3
644216012985,450,0,3
104091,180,0,0
104103,100,0,0
115273,30,0,-113
116046,90,0,0
101615,100,0,0
104073,70,0,0
115791,45,0,0
107335,40,0,-11
382900936017,450,0,-6
382906674012,70,0,-52
107400,120,1,7
105757,440,0,2
102131,80,0,0
107591,150,1,4
114350,23.4,0,-8
114494,40,1,107
115274,41,0,-4
115264,18,0,0
102593,300,0,0
102594,300,0,0
4009900539746,1350,0,-2
108456,210,0,2
115275,30,0,-55
114035,13.5,0,-9
114986,330,0,0
104097,200,0,0
116047,78,0,0
104743,100,0,0
104992,170,0,0
104739,90,0,0
101076,75,0,0
117881,470,0,0
116049,78,0,0
104098,200,0,0
104735,250,0,0
104072,70,0,0
104744,100,0,0
104071,70,0,0
12000800337,230,1,6
8964000101377,180,1,20
8964000101575,270,1,18
8964000101582,110,1,5
8964000103289,90,0,-126
8964002343959,120,1,62
12000801402,220,1,9
12000022784,110,1,40
8964000103463,80,1,23
8964002343966,100,0,-6
8964002344413,80,1,171
8964002343775,100,0,-1
8964002343782,90,1,35
99136,100,1,50
61001,50,1,87
769503781396,175,0,0
769503781389,90,1,7
103685,630,0,-1
102904,600,0,0
116635,400,0,0
116636,400,0,0
8961103500984,50,0,-6
870572004924,10,0,1
896110205058,20,0,0
113385,28.07233333,1,60
116890,450,0,0
116528,5000,0,0
109402,330,1,10
112236,49.6,1,9
4015630064151,1248,0,0
4015630064236,3589,0,1
4015630083893,5002.5,0,1
4015630067008,1050,0,0
4015630067015,1248,0,1
4015630067022,2029,0,0
4015630070589,3621.35,0,1
104775,180,0,0
4015630981946,5037,0,1
4015630981922,1678,0,0
4015630981939,2750,0,0
106500,367.53,1,4
107890,199,1,9
107623,250,1,7
115297,93,0,0
107816,88,0,0
112061,21.5,1,51
111367,18.33333333,1,30
106541,344.75,0,0
8964000578131,200,0,2
106402,250,0,0
5060409580263,5550,0,0
107290,5694.45,0,0
106698,725,0,3
106868,841.73,0,0
106867,841.73,0,3
106803,841.71,1,5
115169,646,0,0
115135,320,0,0
107074,1200,0,0
110199,274.96,0,0
106211,210.02,0,3
106240,217.32,0,0
3913213952196,179,1,4
118708,120,0,-3
107322,98.18,0,0
108088,200,0,0
107871,200,0,0
113680,3.259775,1,10
111747,56.116,1,6
109709,19.50214286,0,0
107554,4.03,0,0
108346,11.77,0,0
106552,354,0,0
113481,914,0,0
114175,392.97,0,0
112318,30.11,1,18
111512,15.96666667,1,40
112444,21.29233333,0,0
112340,19.7,1,30
112870,41.866,0,0
106399,298.1,1,4
106400,298.1,0,2
106652,520,0,2
111033,15.99966667,0,0
106733,24.33333333,1,23
116688,80,0,0
116689,225,0,0
107397,44,0,0
105051,850,0,3
109469,8.966666667,1,174
111997,42.85714286,0,0
111970,45.21428571,1,23
110849,32.85714286,1,70
106476,375.87,0,2
110051,340,0,0
113490,37.5,1,42
111402,34.28571429,1,14
106834,35.4,1,25
112840,51.28571429,0,0
8964002444069,20,1,4
106895,850,0,0
110795,18.15,1,40
110238,33,1,4
744343546992,185,0,0
744343547302,140,0,0
3687330952789,210,1,9
6260128700624,70,0,0
6261149024379,50,0,0
113113,5,1,71
108006,24,0,0
110180,5.92,0,0
113674,14.9161,1,87
110115,18.75,1,10
111021,13.998,0,0
116025,300,0,0
6442160231896,650,0,2
744343546701,200,0,0
8964001844013,350,0,1
8964001844006,720,1,8
8964001844068,390,1,4
8964001844815,1800,0,1
8964001844433,320,1,11
8964001844426,175,1,7
8964001844457,10,0,1
6947790776906,170,0,1
6947790776609,190,0,1
230062603919,120,0,1
119084,120,1,8
8964000505960,300,0,0
3044354933116,110,0,0
6255236458963,150,0,0
6947790776606,80,0,0
6260033600019,50,0,0
111316,24.21428571,0,0
111249,23.78571429,0,-17
108509,6.773,1,220
109391,14,1,143
105821,850,0,1
100886,685,0,0
100375,1875,0,0
744343545339,80,0,0
109001008111,650,0,2
112577,45.73214286,1,28
8700216610445,450,0,1
8700216610384,450,1,4
8700216402934,830,0,1
4015400457879,830,0,0
8700216403023,830,0,0
4015400416869,830,0,0
8006540789483,250,1,4
8006540789513,250,1,6
4015400457848,520,1,5
4015400417491,420,0,0
8001841397993,1150,0,0
8001841231280,1250,0,0
8700216956840,830,0,1
4015400205289,830,0,0
4015400205227,830,0,2
4015400205258,420,0,-1
4015400214496,420,0,1
117540,19.6,0,0
109957,10.34,1,90
112358,24.48333333,1,45
113211,33.88,1,45
113628,41.008,1,270
112411,15.76666667,1,15
105760,585,0,1
107935,124.83,0,0
108757,194.39,0,0
110210,52.98,0,0
108159,24.37333333,0,0
8964000223659,35.66666667,0,0
116020,315,0,0
102709,102,0,-2
8964002289608,99,0,0
8964002289585,99,0,0
101954,290,0,-1
109549,12.929,1,58
108116,10.8,1,65
110064,11.95,0,-15
112559,10.4325,1,158
113904,18.4361,1,217
107832,126.26,0,2
108164,187.25,0,-2
112960,10.712,1,53
113749,18.2537,1,39
105517,192.55,0,0
109031,314.21,0,3
110675,17.5,1,20
108579,10,1,18
8961102505782,20,0,0
115269,30,1,86
113662,34.21428571,0,-56
112790,45.43928571,1,69
113214,27.555,0,0
112176,45.85714286,0,0
111255,35.14285714,1,14
112062,44.57142857,0,0
107102,1498,0,1
8964004135019,998,0,0
8964003557003,280,1,10
105444,106,0,3
107719,1.738666667,1,150
10019,350,1,5
8886950049014,76,0,0
8886950049038,143,0,0
8886950049113,91,0,0
8886950049137,160,0,0
108529,13.033,1,40
112329,50,1,70
113909,79.5,1,48
110130,14.00666667,1,80
107520,75.88,0,0
108281,12.6,0,-10
110798,18.25,1,15
106407,233,0,-1
114546,1209.124,0,0
113707,40.66666667,0,0
110219,398,0,3
3075860289732,280,0,0
8964000663233,70,0,2
899916000880,100,0,3
115266,27,0,-3
113908,61.84142857,1,28
114226,92.7625,1,28
107656,100,0,0
107657,80,0,0
12000002090,120,1,60
118213,1250,1,14
118214,390,1,12
12000014338,60,1,65
8964002343713,50,0,-19
103759,280,0,-5
106286,220.01,0,-2
110284,32.366,1,50
111761,48.549,1,20
111142,41.04,0,0
112344,58.14,1,4
112867,41.28571429,1,20
103752,120,1,33
4084500599789,290,1,7
8700216137737,99,0,0
8700216451260,580,0,3
8001841256788,580,1,5
8001841256696,1199,0,0
8006540960035,330,0,0
8001841256665,290,0,3
8006540978344,50,1,11
8006540978320,50,0,3
8001841474922,10,1,30
8006540978313,20,1,11
107820,184.5,0,-2
111987,6.86,1,156
113425,15.3751,1,17
109518,250,0,0
114842,175,0,3
8964000057650,90,0,2
855434001235,140,1,5
113860,259.565,1,6
108495,202.02,0,1
109926,202,0,0
111977,69.4875,0,2
112626,115.8316667,1,89
112866,8.4706,1,112
792625758892,180,0,-4
114320,99.83333333,1,40
106585,472,0,3
62980931334,250,1,4
107532,2.958333333,0,-320
109335,25.614,1,20
119035,123.29,0,2
119036,4.5,1,51
119034,3.0438,1,174
8886001026056,200,0,0
8886001026025,640,0,0
8996001356340,200,0,0
8996001356036,100,0,1
8996001356364,200,0,0
62980931335,250,0,1
107451,1,0,0
113657,154.2,1,30
107741,5.714285714,0,0
8964001025313,290,0,0
112467,48.5,0,0
117735,46.96916667,1,8
105615,224.95,0,0
109048,379.64,0,0
108843,220.86,0,1
110829,377.84,0,0
110627,585.94,0,1
109467,44.37833333,1,63
109566,47.92833333,0,-55
110401,60.42333333,0,-32
117736,61.07333333,1,97
118378,47.97,0,-1
113633,236.996,0,0
118808,30,1,46
107600,121,0,2
110016,1.68,1,510
112168,46,1,11
111669,35.28571429,0,0
110948,30,1,14
111266,16.96428571,0,0
111822,19.07571429,1,28
110927,17.64321429,0,0
111034,17.83142857,1,105
111862,19.82142857,1,4
112319,32.42857143,0,0
7791293048918,1000,0,0
7791293048857,1000,0,0
7791293048895,1000,0,0
8886467065767,750,0,1
104933,750,0,1
6001087364621,750,0,-1
6001087364614,750,0,2
6001087363815,750,0,2
6001087364638,750,0,-1
104935,750,0,0
8886467065774,750,0,1
7791293048901,750,0,2
8886467065804,750,0,1
6001087364690,750,0,1
118892,155,1,4
108357,131,0,-1
8886950072395,15,0,0
108670,213.81,0,1
108567,32.395,1,11
110624,59.39,0,-2
103809,315,0,0
109457,261.68,0,1
111261,42.91666667,0,0
111260,72.69166667,1,6
108102,4.115666667,1,60
108760,9.266666667,0,-60
112853,66.19583333,1,86
110807,410,0,1
111814,91.45333333,1,72
110790,29.7,0,-6
105863,1599.78,0,0
8964002481101,280,0,3
8964002474592,220,0,0
8964002474585,220,0,0
8964002474578,170,0,0
8964002474561,170,0,0
786905045826,750,0,3
116210,3745.31,0,0
BAAZI,250,0,1
6291101522568,170.66,0,1
788364382290,100,0,2
8964000982440,325,0,3
8964002993291,350,0,3
117363,320,1,14
109487,10.33333333,1,30
3577875120463,80,0,-2
3570241726436,100,0,0
570108726435,100,0,-1
3570169726433,250,1,4
3570201726438,470,1,9
3374014746436,150,0,0
3570016726432,250,1,7
2572726755239,50,0,1
135894635004,150,1,7
3572278677200,130,1,11
135894634380,110,0,-4
135894634434,210,0,-7
114727,150,0,0
135894634410,75,1,7
1574653365629,45,0,-16
135894634373,110,0,-10
3570006726435,100,0,-1
135894634397,150,0,1
135894634915,110,1,13
3577225322004,190,0,2
3570019726439,110,1,17
3570018726430,220,0,3
3570136726435,880,1,11
3570242726435,130,0,0
101593,70,1,6
102188,120,1,6
102010,85,0,0
101843,110,0,0
3570071726439,100,0,0
3570053726433,200,0,0
3570137726434,880,0,2
135894634908,50,0,-14
2577827372866,20,0,-3
3570133726438,210,1,4
3575272462506,210,0,3
102272,350,0,2
135894634892,40,1,6
102453,210,1,6
103486,251,0,0
102210,150,1,5
102221,150,1,16
102208,150,0,-2
102222,150,0,1
1358946045302,142,1,8
102211,150,1,19
116188,142,0,3
102216,142,0,0
102209,142,1,4
102217,142,0,0
102218,150,1,4
102219,142,1,6
102212,150,0,-77
1357946682890,220,0,0
102454,210,1,8
103042,210,0,1
102455,190,0,3
102456,200,0,2
102457,210,0,2
102458,200,1,4
102459,200,0,3
3570002726439,320,1,10
3570037726435,170,0,-2
8964000456873,210,0,2
3570185726431,160,0,0
3570168726434,210,1,15
2572726771840,120,1,23
102388,160,1,11
1357946055502,135,1,11
3570170726439,210,1,13
2252872253352,40,0,0
135894634243,150,0,-5
135894635011,90,0,-3
102220,142,1,9
102430,150,1,16
102431,150,1,5
102213,150,1,6
102214,142,1,18
102223,142,1,16
1358946343354,150,1,5
102566,220,1,7
3570023726432,260,1,7
102958,260,1,6
3570001726430,210,0,2
2572784251407,180,0,-1
3570004726437,70,0,-2
3570236726434,50,1,14
1357946055601,100,1,8
3570021726595,170,0,3
3570021726557,170,0,3
103545,226,0,0
3426366370088,150,1,13
3426366370071,210,0,3
3426366370033,110,1,5
3426366370019,75,1,11
8964506589266,110,0,3
95306507544,150,0,1
953066541645,100,0,2
8964506589259,45,0,3
8965232148758,20,0,-2
8961101788599,30,0,0
8961003021749,50,0,-6
8961003021732,50,1,5
8961003669286,40,0,1
8961003041747,10,0,0
8961003664366,20,1,13
8961101780975,40,0,-14
769503786599,50,0,1
8961100282777,40,1,19
8961100287819,40,0,3
8961100281862,40,1,5
8961003662249,40,0,-1
9333638552261,80,0,0
107948,170,1,6
107941,130,0,0
8963341001001,180,1,4
6975896429935,120,1,12
109144,20,1,21
110437,30,0,0
111524,40,1,7
112730,70,1,5
119043,143,0,2
108978,10.5,1,20
105775,560,1,9
117064,260,1,6
113897,99,1,6
1860074013622,100,1,5
113576,1150,1,4
101504,30,0,0
101505,30,0,0
106288,224.08,0,-1
112607,6.0344,1,111
102550,140,1,12
104126,645,0,0
103561,300,0,0
104296,560,0,0
104654,765,1,24
104181,775,0,0
104465,1075,0,0
114868,150,1,10
382903204779,28.5,0,-13
382903204700,28.5,0,-119
382903204717,28.5,0,-12
112596,59.885,0,0
8961103502872,50,1,9
8961102505867,10,1,5
8961102505881,20,0,-6
119349,300,1,13
106994,1050,0,0
108573,13.52,1,29
108149,9.05,1,211
110483,9,0,0
113589,37.5,0,0
112222,24,1,42
106551,400,1,4
8964003083076,2300,0,0
8964003083090,2300,0,-1
8964003083052,2300,0,2
8964003083298,2300,0,1
105941,60,0,0
7622210427472,50,0,0
95010526,320,1,4
110543,27.12,0,0
108385,29.51428571,0,0
112203,22.2,1,6
109234,28.13,0,0
112998,1425,0,0
114760,30,0,0
115098,260,1,5
115113,69.81,0,0
105934,79.22,0,0
106043,149,0,0
106066,152.44,0,2
115281,65.24,0,3
107429,92.16,0,2
105968,125,1,5
107681,125,0,-6
105933,121.55,0,2
107767,115,0,3
107675,99,1,4
106033,121.55,0,0
113051,1.6827,1,144
105438,55,0,0
105439,116.99,1,6
107330,37.84,0,0
107333,40,0,0
109396,4.0549,1,72
106007,110.78,0,-1
106431,332.51,0,1
106381,319.05,0,0
106006,180.62,1,6
107619,103.53,0,-1
107804,164.2,0,0
105808,618.08,0,0
109264,10,1,60
116894,11.07142857,1,14
116893,13,0,0
4902720151306,2850,0,2
4902720151337,6115,0,1
726529872484,2550,0,1
726529872491,3650,0,3
796554565026,1575,0,-1
4902720148870,2825,0,3
796554565033,3049,0,3
796554565040,4450.96,0,0
4902720148894,5979.35,1,5
710535717907,1295,0,2
710535717914,2480,0,0
745114675040,3730,0,3
4902720148917,2850,1,4
4902720148931,6150,0,3
710535717921,1325,0,1
710535717938,2550,0,1
745114675057,3750,0,1
104516,1270,0,0
745178398787,1030,0,1
726529872477,1250,0,1
726529872460,850,0,0
4902720125291,3000,1,4
119044,200,0,2
BFL,119,0,2
NEO BFL,119,0,1
8964000279304,50,0,3
110413,40.5,0,0
112905,83,0,0
106250,375,0,1
116768,16,1,140
116769,16,1,110
116770,18,0,-12
186007102147,70,1,24
1860074054618,200,0,-6
1860074054595,70,0,1
1860074070083,110,1,4
1860074054502,200,1,7
1860074051716,100,1,5
1860074051754,110,0,-12
1860074054663,110,0,-3
1860074054601,100,0,-24
1860164053798,70,0,-4
6009689191843,160,1,4
6009689191089,300,0,2
6009689191072,475,0,2
6009689191003,700,0,2
6009689191652,150,0,2
6009689191621,180,1,6
6009689191027,340,0,1
6009689191010,500,0,2
117852,76.63333333,0,0
112925,94,1,10
113024,750,1,4
8680512633235,2250,0,0
115258,6929,0,-1
8680512631644,3800,0,0
8697432091755,4950,0,0
107270,5500,0,1
111074,1.3412,1,100
109893,2,1,201
8961102503122,20,0,-5
8961102505287,50,0,0
8961103503176,30,0,-79
8961103503787,50,0,0
8961103503398,40,0,1
792649750759,30,0,0
116716,850,0,0
111360,14.485,0,0
114064,380,0,0
792649750148,30,0,-1
116714,290,0,0
792649750117,180,0,0
792649750094,250,0,0
792649750162,30,0,-10
118689,250,0,0
8961003664342,20,0,2
8961003024016,40,0,-13
8965310052045,50,0,0
102440,230,0,2
117587,2170,0,-1
744343547173,40,0,0
894545000812,140,0,0
105500,116,0,0
108841,211,0,0
105511,145,0,-2
8961103502629,100,1,7
8964001199298,260,0,2
8964001199311,240,0,1
8961102110665,1280,1,7
8961102110580,200,1,12
8961102110290,380,0,-20
8961102110368,35,0,0
8961102110528,380,1,32
8961102110306,540,1,5
8961102110009,40,0,0
8961102110375,70,0,0
8961102110313,980,1,6
8961102110023,100,1,18
8961102110283,200,1,6
119077,950,0,0
119535,90,1,6
119534,90,1,5
109143,180,0,-1
6411127830069,750,0,1
8964002992645,350,0,0
6291101526566,650,0,2
108402,225,0,-1
116674,650,0,0
SUPARI,10,0,0
8964001048336,1350,0,0
8964001048329,1350,0,0
8964001048312,1350,0,0
8964001048305,1350,0,1
105032,1250,0,0
105030,1250,0,0
105031,1250,0,0
105029,1250,0,0
105028,1245,0,0
105033,990,0,0
8964002894987,2199,0,0
8964002894734,2240,0,0
105244,2399,0,0
105246,2399,0,0
105245,2399,0,0
105315,2395,0,0
8964001050032,1175,0,0
8964001050025,1065,0,0
8964001050001,785,0,0
8964001050018,825,0,0
8964001050049,1285,0,0
8964001050346,1450,0,0
8964002895137,1175,0,0
8964002895120,1050,0,1
8964002895106,785,0,0
8964002895113,825,0,0
8964002895151,1450,0,0
8964001049463,150,0,0
8964001050957,220,0,2
5904277113966,1590,0,0
5904277114444,2260,0,0
5904277118640,890,0,0
5904277118626,1170,0,0
8961005623316,175,0,0
113029,26.33333333,0,0
117888,43,0,0
108536,398,0,0
8901138500573,760,0,1
8886950014845,300,1,10
8886950013848,230,1,5
8886950013596,335,0,0
8886950014289,50,0,0
8886950014050,630,0,0
8886950016016,440,1,7
8886950013794,50,1,19
8886950013343,680,0,0
8886950013831,10,0,0
8886950013787,99,1,9
8886950014319,150,0,2
8886950014203,225,1,4
8886950013923,440,0,1
8886950013152,20,1,6
8964000031858,100,0,0
114052,132.8571429,1,28
119081,150,0,3
4011100977624,300,1,54
100908,1199,0,0
6925457803421,4500,0,0
745314794916,150,0,-7
101460,110,0,1
8651158138941,50,0,-5
119583,57.5,1,10
119584,280.56,0,1
8964004035678,380,0,1
8964004035715,380,0,0
8964004035708,380,0,2
8964004035692,380,0,2
8964002993017,160,0,1
8964002993055,160,0,2
8964002994878,350,1,15
8964002994700,380,0,0
8964002994717,380,0,0
8964002993048,150,0,2
8964002994557,150,0,0
8964002993086,160,1,4
8964002993116,160,0,2
8964002993123,160,0,1
8964002994540,190,0,0
8964002994533,160,0,0
8964002993147,160,0,1
8964002993185,160,0,1
8964002993222,160,0,3
8964002994564,190,0,1
8964002993239,190,0,3
8964002993246,160,1,5
8964002993253,160,1,6
8964002993277,150,0,2
8964002994632,380,0,2
8964002994687,380,0,0
8964002994649,380,0,0
8964002994656,380,0,0
8964002994663,370,0,-1
8964002994670,380,0,0
8964002994694,380,0,0
8964002994724,370,0,0
8964002993093,160,1,4
8964002993635,370,0,-2
8964002993178,190,0,3
8964002993109,160,1,8
671866128988,20,0,-1
108570,19.954,0,-16
112365,53.75,1,45
113158,39.07166667,0,0
107457,95,0,-3
109803,3.2,1,114
8886950011325,610,0,0
8886950011516,610,0,0
8886950011066,580,1,7
8886950015224,50,1,20
8886950011073,1110,1,4
8886950015200,10,1,9
8886950011455,1599,0,0
8886950011981,20,0,0
8886950011318,302,0,0
8886950011141,290,1,15
107373,60,0,0
107792,150,0,2
117974,330,0,-3
8964001291336,30,1,5
119078,750,0,3
119100,450,1,7
105992,101.69,0,3
117397,12.29166667,0,-23
107758,129.12,1,4
107795,118.08,1,6
115460,4.25,0,-74
113188,2.724,0,-2
108935,4.527777778,0,-1
108124,5.65,0,0
104665,550,0,1
117005,5,1,579
9200508001665,200,1,10
10001,320,0,0
10002,530,1,6
10004,700,0,1
10006,880,0,0
8801073411395,1750,0,2
8801073114548,555,1,19
8801073411388,1750,0,1
8801073115088,555,1,8
8801073114814,555,0,1
8961008237336,40,1,5
8964001166412,150,0,0
8961008218694,230,0,2
8961008218687,40,1,11
103742,550,0,0
104281,1110,0,0
104615,1699,0,0
8961008223407,1659,0,0
8961008221977,1699,0,0
116601,10,1,582
119002,160,0,2
112779,12.5,1,150
112306,21.33333333,0,-2
9200508008428,150,0,2
8961103503077,30,1,19
8961103500809,70,0,0
8964003916435,1050,1,7
8964003916664,1400,0,1
8964003018412,200,1,14
8964003018399,200,1,8
116754,10,0,0
8964002758784,40,1,16
8964002526833,30,0,0
8964002526857,20,1,99
8961103501875,125,0,-2
107352,36,0,0
745604647847,320,0,-1
8964003916428,1000,0,3
8964003018375,655,0,2
8964000043455,450,1,6
8964000043189,230,1,9
8964003018108,35,1,60
8964003018658,230,1,5
8964003916053,120,0,3
8964003916060,120,1,7
8964000043660,650,0,3
8964000043707,1030,0,0
8964000043615,340,1,4
8964000043813,340,1,4
8964003018634,230,1,5
8964000043653,650,1,5
8964000043738,1030,0,0
8964000043608,340,1,7
8964003916077,450,1,7
8964000043226,290,0,2
8964000043271,290,1,15
8964000043288,390,1,4
8964000043233,350,1,5
8964003018436,210,0,1
8964000043806,320,0,-1
102471,450,0,3
102266,350,1,4
102156,320,0,3
116169,350,0,2
102157,320,1,8
8964000043844,450,0,1
101627,200,0,3
8964003018115,350,0,1
8964003018122,350,1,9
101874,230,0,1
103455,230,1,5
8964000043424,880,0,2
8961103501301,75,1,4
8961102505034,30,1,44
111946,19.00033333,1,56
8964000330104,70,0,0
108408,12.85714286,0,0
111621,29.12642857,1,28
108262,14.6,0,0
109670,24.33428571,1,14
111452,31.92,0,0
108230,13.90928571,1,7
109903,23.18142857,1,14
104102,90,0,0
4457132488101,550,1,4
111442,600,0,2
111441,600,1,8
9200222620814,600,1,5
110929,444,0,0
109290,300,1,4
109275,330,0,0
109276,330,0,2
109277,330,0,-2
8961003614910,40,1,12
8961003612848,50,0,-32
7622201721060,220,1,4
7622202319686,100,1,5
7622202369261,100,1,113
8961003616730,20,0,-15
7622202318917,1700,0,0
7622202318269,500,0,0
8964002444441,10,0,3
8964002444458,20,0,1
109939,18.557,1,126
8961103503374,20,1,53
8964003592363,20,0,-113
8964003590598,25,0,-2
8964003592349,20,1,37
8964003590536,25,0,-28
8964003590574,25,0,-10
8964003594084,30,0,0
8964003592387,20,0,-4
8964003590550,25,0,0
8964003592325,20,0,-34
8964003592004,50,0,-11
8964001291329,30,0,3
8964001291404,30,1,6
108507,176.04,0,0
111800,32.58333333,0,-15
109561,49.11166667,1,15
108482,29.79666667,1,15
110851,25.16666667,0,0
108840,38.81166667,0,-1
108314,3.6384,0,0
109412,5.2988,0,0
109273,52,0,0
112926,29.55,1,30
107991,20,1,18
108992,30,0,-21
106963,42.87333333,1,60
107863,220,1,5
112576,22.02666667,1,50
113531,37.76,1,50
107688,110.32,1,5
107805,119.39,1,4
112072,3.52435,1,433
112470,2.425,1,301
4260033152763,130,0,1
103093,460,0,0
8964003083700,1750,0,3
8964003083632,2730,0,3
8964003083403,550,0,0
8964003083649,2750,0,2
8964000788004,399,0,1
8964003083724,1550,0,2
8964003083731,1550,0,1
8964000788059,420,1,6
8964003083748,1550,0,1
8964000788042,400,0,-1
8964000788035,420,0,0
8964000788028,420,0,3
8964000788011,400,0,3
8690742100735,1699,0,1
8690742100865,1730,0,0
8690742100704,1775,0,0
8690742100728,1840,0,2
8964003083694,2730,0,0
8690742100742,1690,0,1
8690742100940,1599,0,0
8964003083281,2730,0,0
8964003083274,2729,0,0
8964003083205,2650,0,2
8964003083267,2730,0,1
8964003083199,2795,0,0
8964003083182,2730,0,0
8964003083175,2730,0,3
8690742150747,2550,0,3
8964003083168,3700,0,-4
8964003083151,3699,1,4
8964003083137,3700,0,1
8964003083717,1550,1,4
8964000788806,2350,0,0
8964000788783,1960,0,0
8964003083328,3560,0,0
8964000788868,3425,0,0
8964003083311,3700,0,0
8964000788851,3425,0,0
8690742400347,560,0,0
897210061002,170,0,-27
9747427967363,11.6,0,-49
4567622318587,680,0,0
3947643272210,430,1,4
8961003674228,10,0,1
8961003657016,30,0,0
8961003674341,20,1,27
8961003020315,40,1,18
8961103501134,50,1,7
8961103501431,50,0,-1
8961102504822,10,0,-4
8961103501066,50,1,25
8961103501110,50,1,4
117556,299,0,0
6952841909216,199,0,0
6957484638592,280,0,0
973697035724,50,0,3
8961102503443,87,0,0
8961102504150,50,0,-1
8961102503504,87,0,0
8964002488636,10,0,-550
8961103500991,50,1,46
8961103501691,50,1,29
8961102504495,150,0,0
8961103500106,30,0,0
106079,152,0,-2
106135,185.9,0,3
106373,305.88,1,4
108323,175,0,3
108334,175,0,3
106107,204.01,0,1
107639,180,1,7
107640,110,0,-1
108184,110,0,-4
108129,110,0,-3
108727,153,0,-1
115318,180,1,8
118239,200,1,11
31001,160,1,23
116067,2025,0,-1
116068,1825,0,0
116069,1710,0,3
116076,1610,0,0
116077,1710,0,-1
100436,1915,0,0
116066,1915,0,2
116065,1915,0,0
100437,1915,0,0
110082,19.3595,1,18
112335,40.5915,1,18
721688434467,470,0,0
8961100023707,290,0,1
8961100023745,290,0,1
8961100023622,290,0,0
104215,200,1,11
116058,450,0,-1
796554907888,100,0,0
796554907895,100,0,0
8961100022090,100,0,-3
8961100023165,340,0,0
8961100023158,340,0,0
8961100023172,340,0,0
8961100023141,355,0,0
8961100023257,355,0,0
8961100023134,355,0,0
8961100022564,140,0,-3
8961100022557,140,0,-2
8961100022571,140,0,-8
8961100022540,140,1,6
8961100022991,140,0,-1
8961100022533,140,0,3
8961100023417,435,0,0
8961100023424,450,0,0
102530,435,0,0
8961100023400,450,0,0
8961100023394,450,0,0
102532,450,0,0
116063,170,0,2
116061,170,0,-1
116060,160,0,2
8961100022922,160,0,0
116062,170,0,2
116059,170,0,2
89600078,270,1,21
95010670,220,1,16
113350,36.66666667,1,30
113911,56.43333333,1,16
8964000031025,150,1,9
107919,6.5025,1,40
107447,3.0625,1,60
112317,6.0509,1,140
113326,9.8804,0,0
109558,10.03333333,0,0
744343546794,220,0,-1
112940,39.815,0,0
113892,78.4675,1,40
721688013006,350,1,6
117583,2570,0,1
6009679062443,400,0,0
5940028004879,5500,0,1
111670,99,0,3
109768,305,0,2
110338,370,0,2
112213,55.997,0,0
108604,21.1,1,20
109927,30.6,1,20
107855,11.129,1,20
109639,9.333333333,1,20
8964001358015,220,0,3
114307,80,0,0
117732,140,0,0
8964000499214,430,1,4
8964000499177,250,0,0
8964000499160,470,1,4
102713,110,0,-1
114768,50,0,-2
112617,23.834,1,240
110805,39,1,50
108320,16.555,0,0
110281,17.1,0,0
119288,190,0,3
113513,85.5,1,5
108907,19.9,0,1
8411713102684,120,1,18
105131,685,0,0
105235,920,0,0
111630,108,0,0
109835,285,0,3
110550,349.14,1,4
111642,98,0,1
105646,240,0,1
111105,400,0,0
112776,670,0,0
105411,155,0,2
110673,34,0,0
111777,113.088,1,15
109849,314.83,1,4
110343,373,0,2
112005,57.3,0,2
112199,60.22,0,2
111479,102,0,3
109086,332,0,2
110292,394.39,0,1
112658,146,0,-10
110762,397,0,2
111499,500.91,0,0
117683,3.04,1,163
118823,195,0,1
110797,25,0,-30
112455,37.236,1,124
118346,200,1,6
CELEMIN,200,1,4
108762,19.6,0,0
114639,156,0,0
112237,1000,0,1
102736,60,0,-2
117553,120,0,-1
110529,12.05,0,0
8961008235066,60,1,42
8961008237213,275,0,0
8961008235721,499,0,3
103980,880,0,3
8961008235134,619,0,-1
8961008236766,560,0,2
8961008236742,575,0,1
8961008235202,630,0,1
8961008235110,1240,0,0
8961008235103,750,0,1
111983,730,0,0
102889,629,0,0
103728,1249,0,0
103854,750,0,2
103806,515,0,0
8961008235172,1240,0,0
8961008221526,1260,0,0
8961008220468,460,1,5
8961008235233,495,0,1
104336,870,0,2
113748,70,1,30
7473800705001,750,0,0
744343546961,50,0,0
8964002487356,19.83,0,0
101225,11,0,-1
103271,220,0,0
788821022424,90,0,-1
119082,50,1,75
671866277648,20,0,-2
671866277631,20,0,-75
8964002347056,20,0,1
8964000102817,20,1,12
100348,30,0,-19
8964002346318,30,0,-31
8964002346332,40,0,0
116186,50,0,-1
116185,50,0,0
116184,50,0,0
116183,50,0,0
8964002346349,60,0,0
8964002347506,100,1,9
8964002346707,50,0,2
8964002347315,30,0,-8
8964002347414,50,1,11
8964002346837,30,1,36
8964000424889,20,0,-242
6001106309732,195,0,0
6001106309749,195,0,2
6001106309756,405,0,0
6001106309763,360,0,0
117555,850,0,0
108571,273.43,0,1
62980931385,350,0,1
116026,10,0,0
870572004818,10,0,0
8961102505065,20,0,0
8961103502971,50,1,83
119080,850,0,2
744343546336,150,0,0
119444,350,0,1
119074,350,0,1
119073,300,0,2
671866277945,20,0,-9
8961102508400,200,0,-1
8961102505485,30,0,-96
8964003378929,30,0,0
8964002444250,10,1,25
769503786100,30,1,24
8964002759507,30,0,0
116157,40,0,0
116155,30,0,0
764460928518,570,0,3
116158,460,0,0
745110860914,580,0,2
116161,425,0,0
116168,715,0,0
104182,745,0,0
104308,795,0,0
8964000062395,720,0,0
104196,745,0,1
745604652087,10,1,60
8961103502674,30,0,-5
8964000064955,750,0,2
103883,690,0,1
116022,450,0,0
764460928495,160,0,2
764460928471,160,1,15
764460928488,160,1,13
745110860877,920,0,2
764460928563,930,0,3
104776,1250,0,3
104636,149,0,0
762497139037,750,1,18
8964000064542,750,0,0
769503782485,10,0,1
8961014037593,800,0,-7
8961102507137,20,0,0
8961102502415,20,0,0
8961102508721,10,0,-36
8961102508981,20,1,4
8961102882845,30,0,-13
8961103502773,50,0,-14
8964002759255,40,1,23
8964002526413,30,0,-1
8964002526437,20,1,5
8964002526451,10,0,-18
870572008007,10,0,-37
8961102508868,20,1,39
8961102508042,30,0,-22
8964002527458,40,0,0
8964003591533,40,1,41
8964002759545,30,1,17
8964003591076,15,0,0
8964002759583,30,0,-14
8964002289646,230,0,0
8964002582327,170,0,0
8964002474875,760,0,0
6954842275765,220,1,9
100586,50,1,268
3570007746036,150,0,-10
769503781358,90,1,8
84196842,160,1,7
786,40,1,13
49814521,60,1,45
109613,17,1,36
118656,35,0,0
116929,800,0,0
114514,1000,0,3
116990,1125,0,-9
116932,400,1,8
107205,5250,0,0
105935,198.49,0,2
110490,52.165,0,3
50219209,890,0,3
95010816,270,1,44
89600665,200,0,0
8888075000864,850,1,4
105399,510,0,0
89600047,620,1,22
6253345303044,170,0,0
6253345306212,200,1,24
6253345306236,200,0,0
5214001596133,270,0,3
5214001596010,350,1,5
95010557,530,1,28
95010687,270,1,31
76239878,590,0,0
815082008130,200,1,7
815082009731,200,1,8
815082009434,320,1,20
815082004132,250,0,3
815082004804,180,0,2
815082004798,200,1,37
89602041,260,1,8
89600450,200,1,5
88006703,200,1,44
653233833725,150,0,0
89600320,220,0,1
89600115,260,0,0
1860074023621,100,0,0
108309,205.44,0,2
109882,285.33,0,0
109261,20.336,0,2
111619,44,0,0
105567,180,0,-2
105588,201,0,0
105539,142,0,0
114248,49.82142857,0,-28
113716,1402.66,0,-13
114078,145.2035714,1,14
109791,22.3,0,-4
110773,39.999,1,29
112646,70.4,1,30
108965,22.391,1,20
110702,34.233,0,0
108726,22,0,0
105756,395,0,1
111379,33.54428571,1,85
112590,48.79142857,1,34
110382,25.70214286,1,28
112298,45,0,-4
115289,9.7,1,6
107493,155,0,-1
107305,30,0,-80
111221,25,1,39
111590,1.325,1,380
110916,17.66666667,1,90
119573,450,0,1
119572,117,0,1
105602,189.62,0,0
111273,454.76,0,1
112930,846.3,0,1
111677,50.75,1,15
112822,75,1,20
110705,79.592,0,0
8961103501967,50,1,4
102897,60,0,0
840253315892,250,0,0
840253315915,300,0,0
3574660002522,990,0,0
104880,990,0,0
105064,990,0,0
8991111112091,644,0,0
105117,644,0,0
105054,450,0,2
105010,320,0,0
105199,990,0,0
115927,1340,0,0
115928,1340,0,0
86022894889,50,1,5
8961014266238,470,0,0
106392,270,0,1
8961014257380,10,1,16
8961014245158,470,0,2
8961014245189,470,0,0
8961014245202,450,0,0
8961014249217,800,0,2
8961014249224,800,0,1
8961014249200,800,0,2
105812,735,0,3
113549,111.3,1,39
113784,137.1,1,35
113663,479,0,0
113923,831.68,0,0
8964002758678,40,0,-5
8964002526765,30,0,0
8964002526789,20,1,41
896236512543,120,1,18
106313,267.46,0,0
106203,294.2,0,0
7765410010140,750,0,2
7765410010133,1120,0,2
103086,425,0,0
105914,54.64,0,1
105938,74.17,0,3
105957,86.92,0,-1
116905,250.34,0,0
107562,87.16,0,3
107703,190,1,4
106026,217.71,1,17
107813,211.43,0,-1
109838,270.88,0,0
112610,6.8825,1,49
115955,220,0,0
8934839122485,350,0,0
104635,470,0,0
115942,475,0,0
100729,465,0,0
100730,399,0,0
100731,475,0,0
115960,220,0,0
115959,220,0,0
CLOTH DASTER,50,0,-4
105927,59.11,0,0
106013,118.24,1,6
106237,217.33,0,0
116904,630,1,5
113924,63.38678571,1,28
114247,94.30821429,1,32
112975,16.3814,0,0
119092,320,0,3
5449000051981,230,1,13
5449000054227,180,1,51
5449000025173,280,1,24
42117131,90,1,46
54491472,120,1,38
5449000131836,120,1,9
5449000008046,130,1,38
5449000020987,130,1,39
8961103501721,699,0,0
8961103500281,100,0,-10
116114,50,0,-17
8961103500236,10,0,-118
8961103500250,20,0,-71
8965583350237,120,0,-2
103603,60,0,0
109564,16.28928571,0,2
111364,27.31714286,1,42
114264,112.5,1,70
114269,116.0714286,0,-28
113866,107.8571429,0,0
105852,1260.11,0,1
113619,35.96964286,1,56
113391,30.78857143,0,-3
113305,31.98785714,1,56
110602,35.876,1,20
111750,25.5,1,89
117678,462.56,1,5
107821,220,0,1
105673,385,0,3
110171,405,1,5
110803,475,0,0
106119,20,1,88
8961103501943,50,1,53
107714,77,0,-1
116253,190,1,70
8964001179542,140,1,6
116257,240,0,-28
8964001179665,100,1,17
116254,70,1,49
8964001179344,90,1,32
8964000660904,100,0,0
8964000330043,70,0,1
8964002393183,230,0,0
107739,116.5,0,3
110567,4.447,1,17
108540,187.95,0,3
8886950051499,230,1,9
8886950051543,100,1,8
8886950052311,50,1,7
8886950052397,75,1,20
8886950050386,300,0,0
8886950050362,300,0,0
100531,425,0,0
8718951288881,460,0,0
8718951291010,460,0,0
8886950051444,210,0,0
8850006302088,470,0,0
8850006302132,750,0,3
8850006304785,750,0,3
8850006301081,750,0,0
8850006301135,800,0,0
8850006304563,220,0,0
100661,500,0,0
100894,850,0,0
8886950050379,300,0,0
8886950055329,440,0,1
8886950093383,190,0,0
8886950092096,70,0,0
8886950092065,70,0,1
8886950092119,100,1,4
8886950092126,90,0,0
8886950092133,90,0,0
100037,140,0,0
101139,140,0,-4
8886950093192,120,0,-7
8886950057064,290,0,0
114713,420,0,0
8886950051031,230,0,-2
8886950057026,380,0,3
8886950052038,220,0,3
8886950054049,210,0,3
115958,635,0,0
6920354815157,625,0,0
8886950055275,306,0,0
8886950055299,400,0,0
105082,425,0,0
6281001001874,435,0,0
8886950052274,185,0,0
8886950056029,325,0,3
8886950056067,300,1,5
8886950056043,325,1,7
8886950052076,316,0,-2
8886950057071,381,0,0
8886950051048,320,0,2
8886950050317,290,0,0
8886950052045,305,0,1
8886950051383,425,1,5
7891024133774,380,0,3
8886950052212,45,0,1
8886950054162,29,0,0
8886950056128,75,0,0
8886950051390,525,0,0
8886950055251,95,0,0
8886950057040,85,0,0
8886950054193,56,0,0
8886950052229,65,0,-1
100194,245,0,0
8886950057057,200,0,0
8886950052175,180,1,5
8886950056012,220,1,5
8886950056050,220,1,5
8886950056036,220,1,5
8886950054209,148,0,0
8886950051062,50,1,16
8886950051482,425,0,2
8886950051420,70,1,14
8886950050225,190,1,6
105804,585,0,1
118756,230,1,6
113895,132,0,0
111392,16.96666667,1,98
105697,298,0,1
8964003094317,200,0,3
105811,920,0,2
115510,308.4,1,5
107624,160,1,5
109253,183,0,-1
111809,17.23333333,1,26
111382,15.075,1,100
111735,22.97766667,1,100
8964000707258,960,0,2
103796,450,1,7
101946,110,1,7
104152,1665,0,0
104402,830,0,0
8961014246988,250,0,2
8961014247015,250,0,3
8961014246995,430,0,3
8961014247008,430,0,3
8961014247732,399,0,3
8961014246971,750,0,2
8961014247022,750,0,2
110496,21.75,0,0
105484,125,0,2
105735,434.51,0,1
8901548310267,825,0,0
8901548310281,825,0,0
8901548310274,825,0,0
106055,146.12,0,2
106470,348,1,6
112466,44.64285714,1,98
108253,14.05071429,0,-14
110172,25,1,37
106606,970,0,1
109714,12,1,19
111217,18.25,1,40
108349,7.25,1,4
110444,45,0,-6
116492,40,0,0
6001106114985,600,0,-1
111760,48.521,1,30
107568,4.2325,0,-16
109100,11.146,1,45
109728,31.144,0,0
113083,10,0,0
112912,32.16666667,1,40
111230,18.41,1,60
107828,160,0,0
100888,90,1,11
107348,98.66,1,4
107090,1995,0,1
106705,580,0,0
105086,1530,0,0
105087,1375,0,0
6294015112146,1375,0,0
6294015112160,1375,0,0
6294015126945,1530,0,0
105089,1375,0,1
105174,1700,0,0
105175,1775,0,0
104721,510,0,0
104722,510,0,0
8961103502605,100,1,10
6294015115260,1530,0,0
105090,1530,0,0
6294015115246,1530,0,0
105091,1375,0,0
104723,510,0,0
105173,1820,0,0
105176,1775,0,2
105092,1375,0,0
105093,1375,0,0
745314132084,10,1,33
105966,120,0,0
118805,98,0,3
118804,120,0,1
118806,98,0,-2
108144,175,1,16
107605,128,1,8
111380,36.42857143,0,-21
112627,53.92857143,1,70
8850014431251,100,0,-3
114846,250,0,3
8809058410135,60,1,8
119602,220,1,6
107481,290,0,0
8964000830000,50,0,2
112521,495,0,0
8964000830086,570,0,-2
107594,68,0,2
107477,54,0,0
119601,100,1,11
109223,342,0,1
110761,65.74285714,1,14
109538,23.14285714,1,63
112954,24.12,1,56
113008,24.98142857,1,84
112433,19.095,1,112
8964002868292,20.83071429,0,0
8964002868308,21.06214286,1,84
8964002868278,19.71428571,1,84
111347,35.2,0,0
108954,33,1,20
110966,53,1,30
114204,75.52,1,30
110481,43.34,0,0
111371,68.5,0,-66
112406,75.41666667,1,13
111156,474,0,1
113189,76,1,7
103739,365,0,0
103740,365,0,0
116156,799,0,0
8964000062913,345,0,0
8964000062920,645,0,0
8964000062906,182,0,0
8961102508202,39.63,0,0
112920,80.004,0,0
113876,148.1,1,10
9200508007391,200,1,25
101112,30,0,0
107513,150,1,4
115961,340,0,0
8964003084547,150,1,7
8964000830345,50,1,14
8964000830499,60,1,7
108625,120,1,4
8964000830796,160,1,9
110767,29.3,0,0
1234,170,1,82
8964002992997,450,0,2
8964001291503,50,0,0
8964001291565,50,0,0
8961103503336,10,1,10
8961102502224,20,0,0
119097,80,1,11
8964002137213,750,1,4
8964003593117,20,1,120
116863,30,0,0
3572285326962,40,0,-1
8961101789244,20,0,-2
8961101788544,30,0,0
8961101788568,30,0,0
8961101787615,20,0,-10
769503780795,20,1,12
8961101787608,20,0,-96
8961101787592,20,1,28
8961101787578,20,0,-14
106906,882.47,0,0
107020,1159.94,0,0
106111,162.6,0,1
105570,195,0,-18
106335,358.98,1,5
108984,322.52,0,-1
110542,364.96,0,0
110893,340,0,0
109152,26,1,47
111397,46,1,45
108740,21,1,18
110324,36,1,30
111569,23.75,1,33
112011,29.7,0,0
725765720771,50,0,0
725765720702,130,0,0
102552,175,0,2
100425,110,0,0
104712,110,0,0
5904003285318,130,0,-12
116639,50,0,0
5022496105002,340,1,4
5022496102001,590,1,6
105023,760,0,0
115957,180,0,0
8901207099106,240,0,0
8964002492619,99,0,0
8964002410781,250,0,0
8964002410873,250,0,0
8964003246648,250,0,1
8964002410866,250,0,0
8964003246655,250,0,3
112645,60,1,45
117897,80,0,0
7622201818777,120,0,2
7622202377259,50,0,-617
7622202246135,770,0,0
7622300743574,550,0,0
7622202360671,50,0,1
7622202036309,30,0,-34
7622202318238,50,1,577
7622201725341,80,1,11
7622201820947,120,0,-7
7622201720988,150,0,-5
7622210844231,230,1,23
7622210931580,250,0,-8
7622210844279,230,1,8
7622201819484,230,0,0
7622202018510,180,0,3
7622202049897,20,0,-96
7622201819446,500,0,-4
7622201824600,450,1,10
7622202808944,830,0,0
7622202245961,750,0,0
7622201494629,650,0,0
7622202824654,500,0,0
7622202821929,250,1,4
7622202300547,1500,0,0
7622202360299,500,0,3
7622202363498,1000,0,0
7622202211003,500,1,8
7622202306051,20,0,-800
8964000346853,300,1,22
8964000346846,70,1,19
106091,170,0,2
106261,238,0,2
110756,23.12125,0,0
112718,42.59,0,0
8961100502790,569,0,0
8961100503193,1850,0,0
8961100502813,600,0,0
8961100504435,660,0,0
117207,8225,0,0
8961100504473,660,0,0
117364,340,0,0
103543,330,0,0
8964000835494,910,0,0
8964000835487,910,0,0
8996001303634,750,0,0
8996001303764,1200,0,0
8996001303702,570,0,0
108718,41.75,1,44
110280,24.1175,1,173
108763,4.118,1,90
112183,40.88964286,0,-14
110772,27.59071429,0,0
111744,33.39285714,0,0
111594,31.58571429,1,56
112177,38.10714286,1,56
112175,35,1,28
111684,32.84285714,0,0
112509,7.8303,1,130
111715,30,0,0
110245,20,0,0
110594,35.34,1,30
109182,22.8,0,0
8961103503879,200,1,9
6248765457934,3000,0,0
100718,95,0,0
850001846813,160,0,0
8964000241868,60,0,0
102182,150,1,25
8964000241042,35,1,7
115006,250,0,0
8964000241059,25,1,8
102436,180,1,17
102823,180,1,5
102437,180,1,5
8964000241981,340,0,0
8964000241127,25,0,3
117882,160,0,0
4006067060977,2550,0,0
4006067084300,2550,0,1
4006067084225,2550,0,0
117907,20,0,-11
894559000792,50,0,-13
850050997511,40,0,-2
850050997320,50,1,11
850027875026,150,0,-7
850001846806,130,0,3
8500018460596,210,0,-6
8500018460732,110,0,-52
850027875095,75,0,-2
114860,120,0,0
894559000488,120,0,1
894559000891,40,1,23
850001846752,55,0,-1
894559000655,110,0,-6
894559000808,200,0,-10
101815,210,0,1
102323,120,0,-37
850001846479,120,1,16
894559000761,220,0,2
850027875668,102,0,0
850050997108,25,0,0
850050997856,550,0,1
850050997849,550,0,1
850050997665,200,0,1
894559000907,250,0,1
894559000327,40,0,2
894559000679,35,0,0
850050997733,100,0,0
850027875675,230,0,0
118657,70,0,3
850050997955,300,0,2
894559000211,950,0,0
894559000754,1330,0,0
894559000013,260,0,1
850027875040,110,0,0
894559000051,185,0,0
894559000822,150,1,4
850001846783,80,0,1
894559000914,180,1,5
894559000563,20,0,2
850050997092,16,0,0
850027875064,170,0,0
8961102508356,250,0,0
8961102505508,30,0,-29
8964002383283,650,0,1
103552,120,1,135
726529440140,60,0,0
726529440157,60,1,5
726529440164,60,1,18
8964000816455,390,1,37
8964000816721,450,1,10
8964000816097,120,1,10
8964000816462,110,1,14
101367,400,1,11
8964002383153,650,0,0
8964002383061,650,0,2
103481,300,0,-1
102230,300,0,1
8964000816189,300,0,1
108502,16.66666667,1,60
112827,30.8588,1,20
107699,76,0,-2
116750,1500,0,-4
116533,2500,0,0
100055,1575,0,0
100751,650,0,1
106812,719.8,0,0
5011501040520,950,0,2
102007,60,0,0
8961103501851,30,0,-19
106568,550,0,1
6260503600044,50,0,0
116590,560,0,0
111185,4.1238,1,100
114329,2.8455,0,-126
6972766010330,150,1,6
9647455636111,300,0,0
899432000029,140,1,5
899432000012,80,0,3
899432000005,50,1,8
109134,8.95,0,-12
109405,26.333,1,40
107094,1694,0,3
107220,4625,0,-4
107236,2775,0,3
110733,393.71,0,0
3545857851254,100,0,0
112398,25,0,0
110650,15,1,140
112988,23.00066667,1,13
106439,300,0,0
106479,395,0,0
8964004135118,1198,0,1
117748,1698,0,1
8964004135033,998,0,0
8964004135088,998,0,0
8964004135095,998,0,0
8964004135101,998,0,0
5901785002195,2500,0,0
105926,55,0,0
106075,150,0,3
105984,119.86,0,2
106046,105,0,2
115285,62.93,1,4
106855,932.2,0,0
7443258436840,1357,0,2
106032,199.06,1,6
107921,193.53,1,12
108079,234,0,0
119104,31,1,9
108352,150,0,1
109865,26,1,22
109711,24,1,20
8961101232740,1250,0,1
8961101233068,300,0,0
8964000954249,1600,0,2
6001106209049,1600,0,3
6001106209032,1600,0,3
6001106210069,1600,0,1
8964000954256,825,0,2
6001106309589,825,0,1
6001106309565,825,0,2
6001106210076,825,0,0
8961101234140,425,1,4
8961101232702,280,0,0
6001106209117,275,0,0
6001106209094,350,0,1
6001106209124,275,0,0
6001106209100,350,0,2
105000,650,0,3
102869,420,0,0
104664,420,0,0
103983,420,0,0
6001106209070,550,1,12
6001106209087,550,0,-1
8961101233570,550,1,5
8961101233563,550,1,6
6001106309435,495,0,1
6001106309459,2900,1,4
8961101230715,1050,0,0
8961101231309,1650,0,0
6001106309428,250,1,15
8961101232726,1250,0,3
8961101234133,560,1,5
8961101233150,150,1,18
8961101232931,165,1,8
8961101233136,560,0,0
6001106209506,150,0,2
8961101230937,560,0,2
6001106209513,150,1,10
8961101231323,150,1,10
8961101232993,560,0,0
8961101234188,530,0,3
8961101233099,190,1,16
8961101230906,190,1,12
8961101231767,190,1,12
8961101233143,130,1,14
8961101233167,370,1,5
8961101232924,130,0,-2
6001106209261,130,1,32
8961101232979,370,0,1
6001106209285,130,1,20
8961101231316,130,0,3
8961101233006,560,0,1
8961101233129,400,0,0
8961101232955,370,1,7
8964000101117,230,1,6
8964000101100,170,1,12
8964000101124,290,0,0
8964000101513,110,1,21
8964000103531,90,1,27
8964000101094,120,0,0
113100,740,0,0
109811,4.5,0,0
105635,224.71,1,4
105733,419,1,10
117562,32.85714286,1,14
117563,49.71428571,1,12
105645,204,0,-1
112844,25.20066667,1,26
112991,35,1,30
113659,55,1,39
744343547036,100,0,0
110972,21.278,1,180
112312,31.522,1,10
736211023179,445,1,4
DIAMOND LIP GLU,350,0,3
111391,34.28571429,1,14
112785,50.71428571,1,14
111863,39.64285714,1,42
112845,53.92857143,1,14
111674,39.57142857,1,28
111675,35,1,12
111935,37.14285714,0,0
110817,35,0,0
110818,30,1,14
112460,38.21428571,0,0
111962,542.54,0,0
116064,255,0,3
109279,55,0,0
110202,12.5,0,-3
110203,11,1,49
108785,10.4305,1,13
112349,21.66666667,1,76
112507,620.12,0,2
105604,250,1,10
108624,210,0,0
108872,280,0,-2
8961102505546,250,0,0
8961103500601,250,0,0
8961103503275,30,0,-94
8961103503282,300,1,24
8961103500458,30,1,33
112882,60,1,78
107439,160,0,-4
107514,160,1,6
769503784786,50,0,-2
8961100289318,30,1,743
8961102503344,10,0,-4
8961102505706,20,0,0
112752,46.43,1,14
112217,40.35714286,1,73
111184,30.715,0,-70
113990,76.78571429,1,8
102979,160,0,0
8964002474400,199,0,0
788821020284,150,0,1
788821020277,150,0,2
108224,161,0,1
114904,10,0,-419
100866,10,0,-36
8961006030021,230,1,14.8
114873,150,0,3
114949,10,1,174
114926,10,0,-15
109548,3,0,-52
114146,3.122366667,1,634
107375,1.333333333,0,-30
110285,1.28,0,-4
108796,21.176,0,0
109118,32.57,1,20
8961103500496,40,1,5
8961103503800,40,0,-8
8961103500342,250,0,0
105788,531,0,0
106766,814,1,5
112997,621,0,0
8964001199076,200,0,1
8964001199106,200,1,30
8964001199236,200,1,5
8964000961599,90,0,0
8964000515198,190,0,2
8964000961070,130,0,2
104609,1200,1,8
104997,1200,0,0
105139,120,0,0
8964000961858,300,0,2
8964000515051,280,0,2
8964000515006,90,0,3
8964000961698,99,0,1
8964000515013,190,1,4
8964000515020,240,0,1
8964000961681,200,0,1
8964000515037,250,1,4
112917,21.83333333,1,30
113618,40.16666667,1,20
118607,2,1,120
101529,35,0,-1
107479,95,0,2
107612,125,0,3
110148,2.47,0,-100
107574,100,0,1
111303,9.0202,1,68
8961014247848,399,1,5
8961014001792,399,0,3
8964001048114,125,0,0
114844,149,0,0
6928158555231,220,1,9
108822,21.973,1,58
107503,146.58,0,1
107762,2.0448,1,50
108311,3.404,1,50
109054,2.3079,0,0
111829,18.715,1,10
119099,130,0,3
101925,60,0,0
8710908658075,1100,0,0
8999999030582,575,0,2
8999999028138,575,0,2
8999999030599,575,0,2
8999999028114,575,0,2
8999999540562,575,0,1
8961014255652,480,0,0
8851932231329,2050,0,0
8999999598310,750,0,3
8999999597849,750,0,0
8999999597856,750,0,0
115992,875,0,0
115991,875,0,0
115993,875,0,1
8961014264470,540,0,0
8961014264487,540,0,0
8961014266849,540,0,0
8851932227704,2050,0,1
8961014264449,520,0,0
8961014266832,540,0,1
8961014264432,520,0,0
6001005013501,120,0,3
6001005013621,170,0,3
8961014264517,520,0,0
8961014260779,470,0,0
8961014260809,470,0,0
8961014260793,520,0,0
6281006532441,550,0,0
114990,550,0,0
6281006532410,550,0,0
6281006532427,550,0,0
6281006532403,550,0,0
8718114561660,580,0,0
45893080531,1150,0,0
8961014260816,820,0,0
8961014260823,820,0,0
8961014260830,820,0,0
8961014260847,820,0,0
6281006524279,1020,0,0
6281006524194,1020,0,0
6281006524255,1020,0,0
6281006524170,1020,0,0
6281006524163,1020,0,0
8961014260854,1250,0,0
67238891190,370,0,1
8714100476291,530,0,0
7501056349288,370,0,0
8717163989876,500,0,0
8000700000005,375,1,11
8851932231107,2050,0,2
100585,999,0,0
118074,10.5522,1,65
8964000427477,233.64,0,-36.8
6971764153698,570,0,0
6971764150116,900,0,0
6261149033142,50,0,0
108180,120,0,-24
112395,1058,1,5
105699,285,0,-1
119553,50,1,9
112426,24.33333333,1,30
113290,33.33333333,0,0
108546,190,0,0
9200508046314,60,0,2
111928,38.57142857,1,70
111378,51.15,1,10
112540,66,0,0
89601426,620,1,9
8888075008099,580,1,9
89600054,660,1,5
109897,306.58,1,6
112091,578.88,0,0
113584,62.5,1,30
111396,4.6305,0,-21
109495,9.966666667,0,-48
108491,13.7,0,-12
5038483739020,420,0,1
5038483682821,420,0,1
5038483682920,600,0,1
105210,420,0,0
6001106226602,420,0,-1
105154,399,0,0
115962,600,0,0
5038483223505,420,0,0
5010232955028,1550,0,0
5010232964501,1800,0,2
5052197050738,1800,0,0
5052197003789,420,0,1
5052197003819,1550,0,0
6295120046197,1250,1,6
6295120046142,1250,0,3
5010232964518,1600,0,1
112836,79.05,1,15
105518,127.75,0,0
111731,717.65,0,2
112974,1159.79,0,3
119094,250,0,1
10022,120,0,0
104345,180,0,-3
111451,43,1,28
112225,56.43,1,20
112163,46.21428571,1,76
113280,13.13333333,0,0
111212,26.28,1,6
107972,10,1,31
109255,11,1,60
109035,19,1,10
109373,23,1,4
108305,16.856,1,14
109623,23.404,1,25
810404142646,320,0,0
8964233252778,900,0,-1
7622201706555,250,0,0
8964002640799,800,0,0
7622202333972,150,0,0
769503785042,250,0,0
8964002488896,250,0,-1
7622202334030,225,0,0
7622201706586,150,0,0
8961103501752,250,0,0
8961103501738,30,1,56
112857,41.75,0,0
113103,77.84,0,0
107311,28.45,1,8
112337,517.48,0,0
113803,1200,0,2
222676274732,330,0,0
106098,151,0,1
106077,142,0,1
108201,151,0,0
106069,150,0,0
117677,11.715,0,2
3075846091793,350,1,14
3075846091779,180,1,48
DESIKARACHIEGGS,250,0,0
EGG BRUSH,150,1,11
111823,14.625,0,0
109337,189,0,0
111403,21.75,1,10
113061,37.25,1,20
JAF03443,150,1,7
101769,30,1,120
102098,30,1,12
112681,132,1,20
810404143032,220,1,32
110714,63.04,0,0
112861,32,1,181
111776,44.325,1,167
113339,35.00071429,1,22
112580,50,0,0
112434,38,0,0
112582,49.25,0,0
116891,35.42857143,1,35
111049,31.42857143,1,21
111462,35.42857143,1,28
110223,32.85714286,1,6
111496,38.57142857,1,35
118949,31.42857143,0,0
117414,47.14285714,1,28
118779,29,1,28
118781,30.28571429,0,0
104374,850,0,1
104375,850,0,1
8888202061577,850,0,2
103662,850,0,0
8888202026415,550,0,2
104882,550,0,0
104029,550,0,2
104883,550,0,2
103183,550,0,1
104884,550,0,2
103817,850,0,2
104123,850,0,1
103818,850,0,2
104139,850,0,0
104322,575,0,2
104323,575,0,0
8888202035172,540,0,1
104324,540,0,0
8888202052360,540,0,0
104328,540,0,0
104321,575,0,3
104325,540,0,0
104718,620,0,1
8888202000620,620,0,1
8888202062468,620,0,3
8888202064622,620,0,1
103179,620,0,2
8888202065261,850,0,2
8888202005076,850,0,0
113349,166.466,0,0
111292,44.325,1,13
8888021205404,149,1,4
8888021200119,550,0,0
300875124628,5300,0,0
300875124659,5300,0,0
300875124703,4800,0,0
113388,96.919,1,27
8964000571040,200,1,5
8964000571033,130,1,4
100113,250,1,4
8964000570241,170,0,1
8964000572764,320,0,3
8964000572931,160,0,2
8964000572443,140,0,-1
8964000572108,599,0,3
8964000571002,210,0,1
8964000572238,450,1,7
8964000572221,245.45,0,1
8964000572498,450,0,0
8964000572481,240,0,2
8964000570418,250,0,0
8964000572504,250,1,13
8964000572559,240,0,2
8964000572528,50,0,3
8964000572535,130,1,4
8964000570180,230,0,2
8964000572542,160,0,1
8964000570005,60,0,3
109383,300,0,1
115313,20,1,79
116973,20,0,-185
112812,20,1,153
8710428016591,3135,1,4
8710428016614,4825,0,-1
8710428996077,2800,0,0
8710428016454,630,0,0
8710428016492,3135,1,4
8886451012067,1500,0,0
8886451006783,3135,0,3
8886451006790,6225,0,2
107694,150,0,1
108121,8.2,1,82
108086,16.13333333,1,20
105823,65.2,0,-1
3582910034988,97.941,1,65
113522,166.778,1,25
109553,4.45,1,86
114831,10,1,34
117727,20,1,168
114739,200,0,0
114749,230,0,0
109517,10,1,78
106326,248,0,0
106555,369.32,0,0
109281,293,1,7
113093,8.9359,1,90
113830,22.3631,1,64
113665,28.462,1,150
111106,359,0,0
111926,13.5,0,-30
113816,86.66666667,0,-28
110751,26.46428571,1,14
111913,36.64285714,0,0
111254,30.35714286,1,28
111497,19.78571429,1,14
112435,52.5,0,0
110204,25,0,0
119590,60,1,28
108256,267,0,0
113961,19.8,1,171
114295,39,0,-37
110323,25.21571429,1,11
112001,40,1,69
118934,19.2,1,10
109005,17.21428571,1,56
111628,29.28571429,1,35
109027,20.35714286,1,28
111477,28.21428571,0,0
103162,350,0,0
110101,17.35714286,0,-1
8801116001941,420,1,4
88011967,350,1,10
110110,26.85714286,1,43
112136,43.57142857,1,23
111102,35.35785714,0,-10
112362,42.5,1,28
110088,24.125,1,21
108238,5,1,90
112189,8,1,490
8961102861611,450,0,2
116276,450,1,5
116271,450,0,3
116277,450,0,2
116274,160,0,2
116269,160,0,2
116275,160,0,2
100280,320,0,3
100354,320,0,2
100281,320,0,2
100240,230,0,0
100378,240,0,0
100313,255,0,0
116278,115,0,1
116270,155,0,0
116279,135,0,0
116272,250,0,3
116273,250,1,5
8964000045497,350,0,3
8964000045879,350,0,2
8964000045961,450,0,2
8964000045954,450,0,1
8964000045978,450,0,2
6291100600243,100,1,7
6291100600755,100,0,1
6248765457996,3230,0,0
106697,670,0,0
115155,673.22,0,0
8964000002087,600,0,3
107149,2000,0,-1
107031,1410.1,0,0
107150,2000,0,1
7443258438424,1895,0,0
114158,180,1,10
8999002310564,160,1,4.5
8999002692561,160,0,2.5
6754965664664,1599,0,3
8961008222752,220,0,0
8961008221984,35,1,76
8961008222745,650,0,0
8961008222202,95,0,-1
8961008223629,95,0,1
8961008223636,70,0,0
8961008237480,60,0,3
8961008210025,1999,0,0
8961008217628,2400,0,0
8961008217635,3950,0,2
8961008221717,550,0,-1
8961008217604,775,0,3
8961008219363,1225,0,3
8961008217611,1950,0,-7
112074,9.4,1,63
113232,14.45,1,233
113666,17.49,1,140
8964001420941,2800,0,1
8964001420163,3800,0,0
8964001420170,2850,0,0
8964001420934,1300,0,1
110901,38.76,1,10
108601,18.24,1,20
109530,8.121666667,1,90
111490,15.16666667,0,0
111607,20,0,0
112763,30,0,0
109679,9.567,1,30
111465,14.93366667,1,30
51002,50,1,224
118894,40,1,10
118624,22,0,-14
114352,126.2014286,1,20
114314,119.0896429,1,48
113976,89.28571429,0,0
105549,145,1,5
119369,160,0,1
8886950027494,69,0,0
8886950012148,549,0,-1
8886950012155,455,0,0
8886950012391,50,0,0
8886950012162,645,0,0
8886950012230,855,0,0
8886950012223,226,0,0
112372,38.02285714,0,0
112369,31.82428571,1,4
110941,25.00071429,0,0
101533,220,0,-3
42247340,200,1,19
42124276,200,1,24
50173686,200,1,14
42112907,200,1,27
106627,419,0,0
8857660019932,30,1,5
105648,300,0,2
108859,233,0,-1
105689,440,0,0
8745222510259,50,0,-2
110211,31.889,1,30
109793,14.136,1,5
111694,23.9,1,70
112631,28.5,1,20
110953,17.25,1,20
110087,23.57142857,1,40
112082,43.87428571,1,7
109303,17.85214286,1,35
110968,29.70357143,1,56
118859,100,0,0
115923,785,0,0
115922,785,0,0
6281031256565,450,0,1
6281031256589,450,0,1
103780,450,0,0
4015000995139,450,0,0
115948,435,0,0
104040,450,0,1
104034,450,0,0
4015000982641,450,0,2
6281031270080,450,0,2
115947,435,0,0
115945,450,0,0
103708,450,0,1
104042,450,0,2
103782,435,0,0
4015000280372,450,0,0
6281031256527,450,0,0
2419613982883,300,0,0
6939064400225,500,0,-1
116531,10,1,551
8961014236828,200,0,2
117611,50,0,0
8961014261721,320,0,0
8961014263497,150,1,4
8964002548002,300,0,2
8964000578650,200,0,0
8964002548019,300,0,2
8964000578667,200,0,0
8964002548026,350,0,2
8964000578049,250,0,2
8964000578056,150,0,0
8961014236811,50,1,5
8901030971273,650,0,3
104857,230,0,0
8901030871276,465,0,0
102343,385,0,0
102694,300,0,0
115930,550,0,0
102880,530,0,0
8961014261660,399,0,0
8901030747380,240,0,0
8961014236880,220,0,0
100491,380,0,0
8901030829062,640,0,0
8961014236866,199,0,-1
101417,585,0,0
106742,1095,0,0
107259,3925,0,1
106856,1300,0,1
5842109854123,375,1,4
5842109854239,595,1,6
2620773190,100,0,-1
262077388,230,0,0
262077380,150,1,5
8961008222837,320,1,6
116171,730,0,0
101158,109,0,1
116173,138,0,0
101159,109,0,0
101267,340,0,0
101115,96,0,0
101772,267,0,2
101724,270,0,0
101667,219,0,0
101718,243,0,1
101268,243,0,3
101725,243,0,2
8961100091454,285,1,4
8961100091515,315,1,4
8961100093168,515,1,6
8961100092802,545,1,6
8961100095797,395,0,0
8961100091430,525,1,6
101566,365,0,0
101856,1450,0,2
102919,1950,0,0
103482,2195,0,0
103302,2715,0,3
103428,2025,0,0
101897,2615,0,1
101768,1976,0,0
100820,54,0,0
101165,87,0,0
116172,100,0,2
6291055009344,491.9,0,0
602772124696,90,1,6
602772124719,100,1,5
602772124702,60,1,12
602772124788,120,1,8
602772124795,180,0,0
602772124818,100,1,5
602772124832,60,1,5
602772124948,150,1,11
602772124962,80,1,20
602772125020,270,1,6
602772125099,135,1,14
602772125105,290,0,0
602772125129,75,1,4
602772125174,75,1,7
602772125181,150,1,8
602772125204,160,1,7
602772125211,295,0,0
602772125280,140,1,5
602772125327,150,1,5
602772125334,375,1,10
602772125396,125,1,6
602772125464,175,1,9
602772125518,250,1,5
107929,1.7075,1,588
109159,12.4,1,80
109180,24.706,0,-3
9231122210812,160,1,12
113809,7.2,0,-5
5449000006271,190,0,-6
5449000052926,240,1,5
5449000000712,130,0,0
8961103501905,125,0,0
8964002527038,110,0,0
8964002527052,140,0,0
8964002527045,140,0,0
103775,360,0,0
102705,360,0,0
102702,360,0,0
6291107676098,360,0,0
102703,360,0,0
102696,360,0,0
103772,360,0,0
102697,360,0,0
102698,360,0,0
103771,360,0,0
670875402447,150,0,0
102425,130,0,0
108005,10.4,0,0
119629,950,0,3
119630,950,0,3
6920231223020,950,0,3
115090,4960,0,0
46543211110005,5310,0,0
4654323101812,1350,0,0
5820254542607,1000,0,3
8602208250014,850,0,0
8602208250113,760,0,0
20190441001,420,0,0
103894,460,0,1
4654323061659,770,0,0
4654323061642,550,0,0
8620180310328,250,0,0
8964052481182,620,0,0
4654323072907,375,0,0
114752,300,1,13
102558,690,0,2
8602209030011,660,0,-1
304080703258,450,0,2
6934562154557,760,0,2
6920201916662,2200,0,0
4316542207026,700,0,1
20190400015,750,1,4
4316542211269,1620,0,0
116800,1100,0,0
4654321126077,899,0,1
6920231223068,600,0,2
6920231223013,760,0,1
4654323101836,1280,0,0
4654323101829,1070,0,0
8620180310311,300,1,8
8620180310335,300,0,2
8620180310342,250,1,12
2548163493447,3250,0,0
4654879878749,4699,0,0
4654321225015,5525,0,0
4654321220416,5875,0,0
6902009131102,4835,0,0
4654321127012,620,0,0
8602202072100,660,0,0
4654321102309,1240.83,0,0
6971914080072,400,0,1
4654321000117,899,0,0
4654321221215,670,0,0
4654321221239,450,0,2
6902009130013,415,0,0
8954879322782,455,0,0
6920241523080,650,1,5
105316,750,0,2
6560818749903,350,1,7
2445768650599,3880,0,0
119302,3450,0,1
2445768650575,3500,0,0
2445768650612,4450,0,1
2445768650582,3250,0,1
2445768650032,3550,0,1
6923130807018,450,1,9
5442002259164,850,0,2
5460309456956,390,0,2
104432,5800,0,0
6920241523882,450,0,2
6795230145983,4200,0,1
6294914233805,3350,0,0
4654323061703,8500,0,0
4654324091808,4250,0,2
4654323071825,6385,0,0
4654323071832,4860,0,0
4654323071856,5999,0,0
4654323071849,7499,0,1
6920201916549,4650,0,1
4654322092807,4120,0,1
105259,4820,0,0
2445768650568,3200,0,2
20180400162,7735,0,0
20180400186,5980,0,0
6979084732913,2295,0,0
6979084733361,2450,0,0
6979084736287,8075,0,1
6560834267245,4280,0,0
6560834267252,6225,0,0
3540828819363,4500,0,0
4654321111042,3700,0,0
6985019996510,4000,0,0
8542829494049,7500,0,1
8966518249251,4280,0,0
109333,16.42857143,0,0
110234,26.05714286,0,0
106557,549,1,4
8964000064030,180,0,1
8964000064221,280,0,2
8964000064238,940,0,0
8964000064214,420,1,4
103608,525,0,0
8964000064603,500,0,0
8964000064627,750,0,0
8964000064856,500,0,1
8964000064788,710,0,0
8964000064092,420,0,0
8964000064061,650,0,1
8964000064054,990,0,1
8964000064528,180,0,0
8964000064375,120,0,0
8964000064306,170,0,0
8964000064313,190,0,0
8964000064436,170,1,6
8964000064641,850,0,0
116014,325,0,3
116015,345,0,1
8964000064177,150,0,0
102508,220,1,5
8964000064184,605,0,0
102687,280,0,2
8964000706480,690,0,0
8964000706503,920,0,0
8964000706497,405,0,0
8964000706527,690,0,0
8964000706381,350,0,1
8960299248786,150,0,-2
8964000706145,140,0,0
8964000706060,185,0,0
8964000706374,325,0,0
8960299249301,265,0,0
8960299249295,370,0,-1
745110025221,300,0,0
745110025238,270,0,0
745110025245,270,0,0
8964000706299,350,0,0
116597,299,0,0
745110025375,350,0,0
8964000706459,20,0,0
107389,60.89,0,3
107456,87.69,0,3
112452,3.425,1,19
110835,2.99,0,-3
115513,24.1285,1,30
19556564084607,120,1,8
8964000578490,200,0,1
110267,11.12107143,1,102
112939,18.265,1,246
113092,21.918,0,0
114543,401.1383333,0,0
105536,163.05,0,2
106615,600,0,0
117330,85,1,20
7398880540499,150,1,4
73982207316,200,1,9
113669,150,1,33
110857,46,0,0
112446,25.5,1,50
114441,4150,0,1
112953,26.66666667,0,0
112169,19.49633333,0,0
110055,367.98,0,0
105650,249,0,0
110750,293,0,0
110278,16.3875,1,80
110252,16.3355,0,0
80050278,550,0,3
8691111234570,450,0,3
108475,1.35,0,0
6931078920041,830,0,0
6931078920119,999,0,0
6931078930101,230,1,7
6971282340051,350,1,5
6931078932341,350,0,3
6931078920034,550,1,4
6931078932327,320,0,0
6931078931023,830,0,0
6931078932228,570,0,0
6931078920096,390,0,1
6931078931603,200,1,6
103364,325,0,0
7051055557370,530,0,0
112059,32.5205,1,66
112659,40.25,1,71
110477,20,1,46
108559,34.7,0,-11
112456,28,0,0
116174,399,0,0
116175,399,0,0
8857101140102,445,0,0
8857101152006,445,0,0
8857101159753,445,0,0
115954,445,0,0
8857101140089,445,0,0
8857101150309,445,0,0
8857101159760,445,0,0
8857101140119,445,0,0
112134,19.7,1,30
112908,656,0,1
110047,43.8,0,-7
111194,364,0,0
1016929675105,42.5,1,21
116207,590,0,0
116208,52.5,0,0
116209,361.25,0,0
1692596752129,349,0,3
117006,5,0,0
118801,105,0,0
118788,75,1,20
118662,23,1,8
118663,32,1,8
6261178043082,40,0,0
116753,290,0,0
103886,470,0,0
103987,555,0,0
104462,765,0,0
104219,560,0,0
116170,580,0,0
104277,950,0,0
102949,260,0,0
117158,15,0,0
117157,20,0,0
119069,1390,0,-1
108661,200,0,1
107990,155,1,6
116804,210,0,1
112450,4.75,1,353
8961103502544,40,0,-14
602772124559,100,1,4
602772124566,190,0,2
602772124573,120,1,7
602772124580,220,0,0
602772124603,175,1,7
602772124610,270,1,9
602772124627,620,1,8
602772124665,250,1,15
602772124641,220,1,8
602772124658,420,1,6
602772124672,40,1,7
602772124689,270,0,2
602772125686,140,1,5
602772124733,120,1,5
602772124801,70,1,11
602772124849,150,0,3
602772124856,320,0,0
602772124870,450,0,0
602772124863,195,1,13
602772124894,395,0,3
602772124900,720,0,0
602772124887,230,1,13
602772124917,295,1,4
602772125341,950,0,0
602772125358,210,1,10
602772124979,100,1,9
602772124986,140,0,0
602772125013,180,1,6
602772125037,190,1,6
602772125082,90,1,6
602772125112,50,0,3
602772125136,85,1,4
602772125198,70,1,4
602772125273,90,1,19
602772125235,85,1,14
602772125297,100,1,8
602772125303,75,1,8
602772125310,75,1,8
602772125402,150,1,5
602772125426,90,1,5
602772125440,50,1,11
602772125471,100,1,9
602772125556,150,1,9
602772125501,275,1,10
602772125495,280,1,5
602772125549,240,1,5
602772125563,100,1,12
112579,19.7,1,30
112891,21.34166667,1,30
109260,13.4,1,31
110824,24.05,1,40
8961103502759,100,1,13
105810,636.93,0,-1
8961102504310,10,0,0
8961103502896,10,0,-84
8961102505591,30,0,0
8961102504334,10,0,-13
8961102504396,30,0,0
110874,34.64285714,1,28
106467,350,0,1
110313,350,0,0
8961102110238,1170,0,0
896110211021,610,0,0
106426,482,0,0
110635,28.66071429,0,-14
100485,200,0,0
105509,119,0,0
105600,200.01,0,1
112518,625.02,0,0
8908001158480,850,0,1
8908001158497,850,1,4
8908001158305,850,0,1
8908001158954,850,0,0
8908001158244,850,0,2
8908001158350,850,0,0
8908001158312,890,0,0
8908001158961,850,0,0
8904238301415,850,0,-1
8904238301460,850,1,4
116963,50,0,-2
671866277549,30,1,51
671866277556,30,0,-38
107549,98,0,-1
107533,95.69,0,-4
107406,95,0,0
107686,75,0,-1
108510,164.81,0,0
108143,113,0,1
764460928402,150,1,13
8964002547814,530,0,1
8964000640968,400,0,1
8964002547029,170,0,3
8964000024133,270,0,0
8964000024003,300,0,3
8964000024027,180,1,4
110789,12.98033333,1,40
111444,15.64033333,1,30
105840,952,0,0
109702,43,1,22
111654,60,1,20
108330,25,0,0
108414,170.49,0,0
109719,273.33,0,0
111767,487.16,0,0
105876,2830,0,-1
105888,2308,0,0
105884,1580,0,0
105890,3244,0,1
6260176503253,40,0,0
8997212800332,300,1,5
8997212800325,295,0,0
8997212800721,430,0,0
8997212800318,295,0,-2
8997212800349,300,0,0
8997212800356,349,0,0
8997212800301,649,0,0
93815990543,2550,0,-2
110819,27.14285714,0,0
111175,31.42857143,0,3
109942,24.28571429,1,60
118395,21.293,1,25
102966,250,0,0
245215465446,60,1,43
8994548105100,350,0,0
102826,170,0,1
103018,125,1,4
104341,250,1,9
102682,195,1,12
8961100283774,40,1,88
102628,130,0,-3
7137571773378,280,0,1
103295,260,1,22
102261,280,0,-3
102262,280,0,-2
117549,165,0,0
8965310049533,200,0,0
8965310048185,200,1,4
8965310048420,200,0,-2
106480,467.91,1,4
110131,13,1,22
110045,12.2,1,116
8966000006621,45,0,0
8966000006607,40,0,0
107293,66.66666667,0,0
107292,75,0,1
9200506012281,50,1,11
792649287347,220,1,40
105014,725,0,0
8964000022900,320,0,1
8964000843444,360,0,0
8964000022849,320,0,0
8964000022993,320,0,-1
8964000022597,320,0,0
8964000022719,320,0,0
8964000022931,320,0,0
8964000022962,320,0,1
8964000022740,400,0,0
8964000022689,400,0,0
8964000022832,170.46,0,0
8964000022986,173.87,0,0
8964000022955,173.87,0,0
116828,50,0,0
792649287019,170,0,-27
6921211105008,180,0,0
102912,200,1,17
102914,200,1,19
6921211103547,200,1,20
8964003508449,30,0,0
112503,487,0,0
106367,270,0,0
106403,357.59,0,0
106472,340,0,0
108719,242.38,0,0
8961102505348,40,0,-22
106474,399,0,3
106028,98,0,0
106357,340,1,4
8681161908408,130,0,0
8957962044042,250,1,6
8957962044035,250,1,39
117332,410,0,0
8964000241516,210,0,0
8964000241189,35,0,-1
8964000241196,35,0,1
8964000241608,30,0,0
8964000241219,35,0,2
8964000241707,650,0,0
8964001166436,150,1,13
117188,30,1,21
116522,228.3,0,0
106445,358,0,0
106564,400,0,2
106463,285.25,0,0
106042,104,0,0
106498,306.56,0,0
106434,271.35,0,0
108085,122.18,0,0
725765616029,150,0,-6
725765616036,180,1,5
106473,351,0,0
106510,378,0,0
106563,441,0,0
109593,283,0,1
104068,88,0,0
116812,93.6,0,0
112095,45.35714286,1,34
112642,53.21428571,1,76
113652,105.3571429,1,12
111030,33.57142857,1,14
8964000222317,35.35714286,1,38
107870,14.812,1,10
8964000222867,38.966,1,50
110296,24.75071429,1,28
111842,38,1,23
119609,40.71428571,1,14
8961003632617,40,0,-3
8961003635113,20,1,26
8961003090547,10,0,-1
8961003020520,30,1,21
103714,395,0,1
106398,298,0,1
110369,33.431,1,30
112097,38.67857143,0,0
111930,36.64285714,1,7
112039,37.86428571,0,0
115606,38.33333333,0,-10
111968,55,1,20
8964000121214,4.4,1,150
8992304019524,850,0,3
8994993026791,750,0,0
104699,849,0,0
104905,999,0,0
104569,849,0,0
104906,999,0,0
115949,849,0,0
104907,849,0,0
104908,849,0,3
104700,999,0,0
115950,849,0,0
115951,849,0,0
104909,849,0,0
115952,849,0,0
104702,849,0,0
8964000462300,999,0,0
115953,849,0,2
104701,849,0,1
104698,849,0,3
104911,849,0,0
3610340652202,199,1,10
3610340657320,199,1,11
3610340654961,199,1,16
3610340654954,185,1,8
3610340669910,185,0,0
3610340631276,839,0,0
3610340222399,890,0,1
3610340648717,849,0,0
8964001174431,649,0,0
103959,850,0,0
3610340650994,349,0,0
8994993018222,850,0,1
3610340650987,850,0,0
8964001174776,819,0,0
8964001174752,849,0,0
8964001174783,459,0,0
3610340672194,459,0,0
103960,850,0,0
3610340672187,850,0,0
103961,850,1,4
8992304009167,930,0,0
104838,925,0,0
103963,930,0,0
103964,850,0,2
103965,925,0,0
103966,850,0,0
8964001174769,459,0,0
8992304019562,850,0,1
8992304047152,850,0,2
8994993009534,850,0,0
8964001174424,369,0,0
3610340672170,349,0,0
3610340672163,650,0,0
8991380700609,750,0,0
117890,396,0,1
8964000057803,90,0,1
8964002343218,120,1,40
100847,88,0,0
104069,88,0,0
8992222054553,769,0,-1
104642,769,0,0
103843,769,0,0
8992222056595,769,0,0
109270,38.75,1,45
108871,13.5,0,-11
115584,10,0,-58
118268,750,0,-1
112965,612,0,0
6001106309886,250,1,8
6001106309923,380,0,3
114218,77.88,1,50
109902,22.5,1,20
105899,65,0,3
105902,33.18,0,0
105413,44.15,0,2
105414,47.25,0,3
113309,40.25,1,11
855434001273,160,1,5
108165,117,0,-2
108034,2.5,1,166
113789,1500,0,0
110029,13.66666667,1,148
111797,21.66666667,1,40
108389,18.25,1,138
111812,21.66666667,1,23
112623,25,1,211
112591,25.2,0,-10
113420,37.09333333,1,97
107471,110,0,0
8961103063519,10,0,0
7702018619696,1150,0,0
3014260287047,140,0,2
7702018464852,750,0,1
3014260316259,90,1,6.4
3014260265885,150,1,17
7702018840786,150,1,7
8001841068985,570,0,0
7702018037155,1500,0,-1
8700216780254,220,0,-4
7702018494149,270,0,1
7702018608959,200,0,0
100712,615,0,0
7702018851294,4000,0,0
7702018263783,4500,0,1
4987176150455,2500,0,2
7702018606528,2450,0,1
7702018264230,2470,0,0
7702018020706,2500,0,-3
7702018020942,3000,0,1
4987176286871,3000,1,4
7702018308309,1150,0,0
7702018866946,3270,0,1
7702018514311,3500,0,0
3014260228767,1050,0,0
3014260228743,1050,0,0
7702018980833,1050,0,0
100806,990,0,2
100805,990,0,0
100600,875,0,0
100944,1050,0,1
100770,945,0,0
100771,935,0,0
100601,875,0,0
101019,945,0,0
100464,525,0,0
100832,595,0,0
4987176226808,2100,0,1
107390,60,0,2
7137571741384,650,1,14
8961014186352,90,0,0
8961014186369,280,0,1
116829,27.5,1,56
8964000749791,690,0,0
GLOVES,80,1,7
8961014266504,199,0,3
8961014266498,380,1,5
100131,270,0,0
4792081014811,750,0,0
8001673100815,183.3333333,0,0
8710428016478,835,0,1
104478,4635,1,4
104479,4635,1,5
8964002758708,80,0,0
8964002758760,40,0,3
8964002526482,30,0,0
8964002526505,20,1,71
8964002527380,40,0,-5
8964002527373,40,0,-2
8964003590970,40,0,-1
8964002526529,10,0,-51
107715,2.33,1,166
108395,4.32,1,122
115452,12.03533333,0,0
115370,9.629666667,1,30
110538,13.268,0,-2
108428,10.23333333,0,-30
117539,8000,0,0
107153,1945,0,0
116479,1350,0,0
116748,3210.59,0,0
118991,190,0,0
117574,140,0,0
107567,115,0,1
107500,95,0,-3
897121001111,130,1,14
897121001173,30,1,28
8964000424308,30,1,21
8964002625154,30,0,0
8964002625284,50,0,0
8964002625277,50,0,0
8964002625086,100,0,0
8964002625192,100,0,0
8964002625345,50,0,0
8964002625024,50,0,0
8964002625000,50,0,0
8964002625307,50,0,0
8964002625376,50,0,0
8964002625314,50,0,0
8964002625321,50,0,0
101588,60,1,8
101589,65,0,0
101590,65,1,4
102069,65,1,6
116718,5,0,-64
6955648546233,700,0,0
8964000424899,20,1,62
8964001078586,360,0,0
785034393433,250,0,-5
113607,54.27,1,70
8964000834688,260,0,1
8964000834619,260,1,15
8964000834565,250,0,0
8964000834534,250,0,1
8964000834541,250,0,0
8964000834596,250,0,0
8964000834527,250,0,0
8964000834589,250,0,0
8964000834558,250,0,0
117559,499,0,0
729875873426,120,0,0
116783,125,0,0
723872535219,70,0,0
896546000341,50,0,0
116782,40,0,0
723872535202,100,0,0
4657223649989,100,0,0
729872022100,150,0,0
5986217435277,80,0,0
729875200727,120,0,0
723872535134,40,0,0
723872535172,85,0,0
116785,70,0,0
112090,32,0,0
113294,48.25,1,24
112045,18.64333333,0,0
764460149821,1200,0,0
764460149807,2200,0,0
764460149791,1800,0,2
764460149876,550,0,0
764460149814,1200,0,0
2017786321012,2200,0,2
697273008873,600,0,0
108154,156.28,0,3
109329,245,0,0
108815,39.88,0,0
110545,355,1,5
109263,49.77,0,0
109680,343.71,0,0
109913,25.0004,1,46
107393,109.66,0,0
108531,3.7,1,41
119091,250,0,0
8964003205140,90,0,0
894545000669,90,0,-1
8964003205638,90,0,0
119090,320,0,1
4277243300112,450,0,0
4277243300235,370,0,0
4277243300143,340,0,0
4277243300129,430,0,0
4277243300242,380,0,0
110213,350,0,1
7184123113915,310,1,9
8964003511029,2950,0,0
8964003511074,2850,0,0
8964003511142,2545,0,0
8964827357063,200,0,1
7184191119017,440,1,5
8964003511128,510,0,2
8964003511289,1945,0,0
8964003511043,530,0,1
8964003511005,570,0,1
100983,110,1,7
106182,185,1,5
8964002992911,475,0,1
8964002992942,475,0,0
8964002992935,475,0,1
8964002992904,450,0,2
8964002992881,475,0,1
8964002992874,450,0,0
8964002992928,475,0,1
8964002992898,450,0,0
8964004035326,550,1,8
107485,100,0,2
106108,165,0,0
8964004035951,550,0,2
110812,449.58,0,1
4712182025,350,0,2
2045001478,420,1,4
100148,199,0,0
100532,380,0,0
47121820250,450,1,7
47121820511,250,1,7
112741,540,0,1
111248,443.22,1,58
113542,1070.03,0,0
113255,950.02,0,2
114149,66.66666667,0,0
116756,530,0,0
769503781310,90,0,2
112332,10,0,-17
8964002723126,230,0,0
8964001358183,30,0,-6
6920252313809,650,0,1
8964000053775,200,0,-3
8681270412568,125,0,0
104352,790,1,8
9066085216584,1090,0,0
9066085112800,1330.59,0,0
9066085413136,1250,0,0
9066085112008,1280,0,0
9556564098799,100,1,7
8964002686179,1099,0,2
8964002686056,140,0,3
8961101231552,140,0,2
8961101231156,280,1,5
6001106114619,200,0,0
8964002686919,200,0,2
8961101230586,600,1,10
8961101230593,600,1,5
8964002686131,575,0,2
8964002686117,575,1,5
6001106114626,525,1,6
8964002686124,575,0,0
8964002686148,850,0,3
6001106114633,850,0,3
8961101232337,1099,0,3
8964002686155,1099,0,2
8964000954713,1099,1,21
5052197062489,1850,1,11
5052197062496,1395,1,4
8961100310708,100,1,13
8961100310753,200,0,1
8961100310609,745,0,0
8961100310654,1240,0,3
8961100310500,210,0,1
8961100310951,2330,0,-3
52001,35,1,77
8961100310555,385,0,1
8961100311156,800,0,0
8961100311125,630,0,0
8961100310159,170,1,6
8961100310197,280,0,1
8964002474882,760,0,0
HAZMINA,5,1,52
102252,230,0,-2
102267,50,0,-6
111844,18.66666667,1,150
8700216842273,750,0,2
8006540831984,5,1,35
103607,5,0,-1
8001090829023,2200,0,1
4084500944107,2200,0,0
8001090829078,2200,0,1
8001841299303,470,0,0
8001841299150,470,0,3
8001841299181,470,0,1
8006540314159,470,0,3
8001841299211,470,0,2
8001841299365,470,0,2
8001841299273,470,1,4
8001841460567,800,0,-1
8001841460321,800,0,-1
8001841460383,800,0,2
8006540314180,800,0,1
8001841460413,800,0,0
8001841460710,800,0,1
8001841460505,800,0,0
8001841460444,1500,0,0
8001841460536,220,0,2
8001841460291,220,0,1
8001841460680,220,0,2
8700216842242,470,0,2
107781,111.31,0,1
119068,137,0,1
116474,1900,0,0
116473,1890,0,0
116475,1450,0,0
116484,1650,0,0
116481,3400,0,0
116476,1600,0,0
116477,1300,0,0
116482,950,0,0
116478,1890,0,0
116483,2240,0,0
115555,1111,0,1
8850632440284,250,0,3
8964003590635,30,0,0
8964003590659,50,0,0
8964003591281,20,1,16
118840,43,0,0
109114,17.29285714,0,0
110875,29.48,0,0
6460453649098,300,0,0
8961102812675,1350,0,0
8964002911677,1300,0,0
8964002911721,1350,0,0
8964002911707,1300,0,0
8964002911738,1350,0,0
8961102816123,1250,0,0
115478,2.45,1,188
112260,500,0,0
8850632200031,450,0,2
8850632440246,250,0,0
8992695534736,195,0,-1
109102,25.3,0,0
109357,9.723666667,1,30
111322,17.72566667,0,0
8964000326749,130,1,9
6951947801080,10000,0,0
115938,135,0,0
113488,145.9,1,13
113835,122,1,22
113987,92.44,1,32
114095,533.362,0,0
107896,19.802,1,95
792649750698,30,0,0
792649750636,30,0,0
113825,31.64366667,1,40
764460201598,490,0,0
764460201604,490,0,0
108696,10.78,1,30
110852,338,0,2
8964001764120,580,0,1
8964001764588,580,0,2
8964001764298,580,0,1
8964001764052,580,0,0
8964001764564,580,0,1
8964001764557,580,0,1
100697,510,0,0
8964001764304,580,0,0
8964001764458,335,0,0
8964001764137,295,0,0
8964001764571,335,0,0
8964001764069,350,0,0
8964001764595,295,0,0
8964001764601,295,0,0
8964001764021,320,0,2
106531,415.2,0,0
106532,415.2,0,1
6248765458115,3230,0,0
8961102815706,475,0,0
8961102815744,475,0,0
8961102815720,475,0,0
8961102815713,475,0,0
8961102815737,475,0,0
8961102815690,475,0,0
6261149033166,50,0,0
6261149033753,80,0,0
105442,97.99,0,-1
105577,146.24,0,2
8589895823519,45,1,8
4904530594618,22.5,0,-10.5
4904530584596,350,0,0.5
6927799694286,550,0,1
6927799694248,650,0,3
113906,56.11666667,0,0
113253,31.66666667,1,10
113719,44.83333333,1,8
106464,286.75,0,1
109739,289.87,1,6
112713,800,0,-2
112860,640,1,5
119093,160,1,5
116693,70,1,5
745314027656,80,1,30
6533411408768,300,0,0
6533411409758,500,0,1
6533411410716,870,0,0
8886467076077,720,0,0
104467,1630,0,0
110443,470,0,0
115456,800,0,1
JAF03478,800,0,2
10920199302,650,0,1
100579,440,0,0
8745157520453,150,1,12
595,300,0,-2
725765720764,225,0,0
710535674934,300,0,0
PM,10,1,21
113857,1507,0,-1
113547,1194,0,0
113630,1267,0,0
114335,668.6,0,0
8964000258293,420,0,2
8961100023547,100,0,3
8961100023844,100,0,2
108136,143,0,1
109440,250.23,0,2
105942,78.07,1,4
105964,97.59,0,2
106120,175.9,0,1
107579,4.503,0,0
107423,65,1,5
106659,489.04,0,-1
106362,307.36,0,1
106382,299,1,5
107602,175,0,-1
107678,159.01,0,0
107603,149.01,0,1
7579666009458,347,1,5
745314976817,650,0,0
745314976855,650,0,0
111375,462,0,3
113325,36.36666667,1,30
109055,45,1,6
107765,184,0,0
109073,10.86666667,0,-58
109112,11,1,240
111469,97.516,0,-1
110959,98.555,1,36
113190,24.95333333,0,0
8964001451006,76.9,0,-1
744343545636,90,0,1
110526,6.333333333,1,125
108021,3.25,1,225
109508,5.839,1,373
116927,700,0,0
89686120660,90,1,29
5285000396857,90,0,0
5285000395140,90,1,32
8964001625032,413,0,0
109424,284.01,1,13
8964001160311,780,0,2
109886,9.2,1,10
109860,35,1,10
110212,26.07142857,1,42
118950,37.86666667,0,0
118787,100,0,-16
113056,880,0,2
108292,177,0,1
109631,320,0,1
113867,53.12142857,1,56
109185,22.8,0,0
113304,35,0,0
113334,34.08607143,1,252
113311,43.64285714,1,49
113314,36.78571429,1,28
112655,47.5,1,14
111861,39.28571429,1,28
112106,43,1,21
8965310050508,40,0,-6
8965310054810,250,0,0
8965310055589,30,1,55
8965310055299,30,1,53
8965310054971,250,0,0
8965310055183,50,1,18
8965310054865,50,1,38
8965310054872,50,1,43
8965310055008,100,1,23
105692,378.07,0,3
117778,10.45,1,40
113098,930,0,1
113096,970,0,1
113097,970,0,1
113480,920.72,1,8
114174,392.97,0,0
109024,250,0,2
111215,15,0,0
89006245,360,0,0
89003978,600,0,0
112956,22.50066667,0,0
6260128706473,70,0,0
IRON BRUSH PURE,120,1,7
IRON BRUSH,100,1,9
112454,20.33533333,1,88
109241,228.8,0,1
111807,35,0,0
115491,36.78571429,1,42
111732,33.92857143,0,0
110800,26.78571429,0,0
6533411394740,820,0,0
199628098732,1150,0,3
6533411346770,200,0,0
7137571710380,280,0,0
199628070776,750,0,2
6533411448740,130,0,0
6533411438772,70,0,3
6533411534702,100,1,6
6442160192814,196,0,0
7051055503360,540,0,2
6890767852738,650,0,2
6890767862706,940,0,2
6533411436792,160,0,3
6533411520774,326,0,0
6442160030826,100,0,-1
6442160005862,450,0,1
6533411515756,140,1,8
6533411343700,20,0,0
199628064768,40,1,28
6533411537772,300,1,4
6533411446760,370,0,3
6533411447750,730,0,1
6533411432732,220,1,6
653341140470,240,0,0
6533411416756,600,0,2
6442160022838,150,0,2
6533411393750,890,0,0
6533411443790,140,0,1
6442160230806,40,1,19
705105550633,320,0,0
6442160033896,520,0,0
718122100811,755.56,0,0
6890767865776,540,0,1
7051055555390,650,0,0
6890767861716,999,0,0
7051055541362,240,0,2
6890767864786,720,0,0
6442169991708,300,0,0
6533411440720,180,0,2
6533411474794,430,0,0
199628052710,700,0,0
6442160038846,285,0,0
7051055538324,340,0,0
6442160027888,160,0,0
199628051720,675,0,0
6890767819786,4300,0,1
7181221027168,3000,0,1
6890767817706,580,1,5
6533411348750,890,1,4
6890767822724,785,0,3
6890767818796,1550,0,2
6890767829754,930,0,2
199628039704,6800,0,1
6890767830712,1670,0,1
7181221025188,8730,0,1
6890767816716,3000,0,1
6533411500738,1500,0,1
199628038714,3500,0,0
6533411530742,250,0,0
6533411431742,120,0,3
6533411522754,335,0,0
6533411508758,370,0,2
7181221007122,570,0,2
7181221002172,499,0,0
7181221006132,375,0,0
7051055498352,250,0,0
6890767821734,270,0,0
6533411435702,230,1,5
6533411521764,395,0,0
6533411528794,50,1,19
8964000716250,235,0,0
106825,220,1,6
4894947019883,450,1,5
4894947035357,3450,0,1
4895180793325,250,1,8
4894947019890,450,1,5
4894947103490,350,1,8
4894947006722,1450,0,1
4894947045912,1250,0,1
4894947034558,250,1,9
109547,22.581,1,4
109991,30.5,1,12
111480,46,0,0
118891,75,0,-10
110385,100,1,14
110235,25,1,28
110236,25.71428571,0,0
113427,43.92857143,1,14
119334,495,1,4
111650,45.1,0,0
118161,23.33333333,1,30
114544,4941.12,0,-3
114558,5206,0,1
114473,3847,0,1
117491,250,0,0
8964235236196,200,0,0
855434009378,300,0,0
855434000016,550,1,52
855434000962,500,0,0
671866277679,20,1,40
8961102504839,10,1,21
8961102504846,10,0,-15
109962,259.22,1,4
107824,12.84,0,-12
109961,25.922,0,-24
8964000974834,34.485,1,7
112573,50.82,1,56
111936,40.83785714,1,14
112083,40.83785714,1,14
110592,32,1,14
110647,26.08642857,1,14
8964001070740,10,0,0
111967,33.15142857,0,0
110651,436,1,4
100097,105,0,-9
100953,120,0,-18
100017,135,0,-17
100167,165,0,-18
100021,195,0,-4
100226,220,0,-2
100314,240,0,-10
100145,80,0,-27
100841,95,0,-11
110339,34.8,1,20
111976,56.116,1,60
112641,70,0,0
3336664823332,40,0,0
769503786216,50,1,14
769503781693,10,0,-3
8961101783396,10,0,0
769503781044,10,0,-7
769503782065,10,0,3
769503782102,10,1,13
8961100285105,10,0,0
769503782089,10,1,33
769503784809,50,0,1
769503780849,10,0,-51
769503782126,10,0,-45
769503781020,50,0,-1
107463,54,0,0
855434009736,30,1,958
855434009675,25,1,115
855434009743,100,0,0
103036,245,0,0
105107,365,0,0
103870,500,0,0
3574661656014,970,0,1
102739,345,0,0
103477,590,0,0
103089,460,0,0
60052377,460,0,0
6001011321126,670,0,0
115969,665,0,0
103091,450,0,2
103417,850,0,3
103347,715,0,0
100465,1185,0,0
100392,230,0,-1
103644,550,0,0
103811,740,0,0
104588,965,0,0
100259,370,0,0
102770,420,0,1
100322,395,0,0
115967,595,0,0
103346,595,0,0
115968,595,0,0
102158,350,0,1
102873,410,0,0
104508,565,0,0
103819,1025,0,0
103440,215,0,0
103337,785,0,0
102038,240,1,8
102039,169,0,-2
4801010105206,420,0,2
102930,340,0,0
103519,565,0,1
3574660583168,970,0,0
3574660583861,970,0,0
3574661458755,650,0,1
9556006014547,420,0,1
3574669907835,650,0,0
9243178626653,50,1,25
9243178611161,200,1,5
9243178633712,150,1,11
9200507005855,200,0,-1
9243178628503,50,1,557
9243178615763,200,0,-2
9200503020883,250,0,0
9200506009731,200,1,550
8964000979211,180,0,0
9200508010506,250,0,0
9243178626455,50,0,0
9200501026924,50,0,1
9200501026917,50,1,4
9200508044969,150,0,2
9200501026931,50,0,1
9200507023071,350,1,6
9200501027310,180,0,2
8964003074135,250,0,0
9200508004895,700,0,0
9255078601517,50,0,1
9243178662309,50,0,-6
9243178650085,250,0,1
9200508043443,30,0,2
8964003074142,250,0,0
9200506011208,750,0,0
9243178601162,40,1,11
9200508007759,150,1,4
9243178615602,250,1,9
9200506008413,150,1,399
9200501033083,50,1,1109
9200503038918,50,0,1
9243178614254,40,0,0
9200501030570,250,0,0
9200501032635,50,1,551
114110,171.7,1,9
8852961022698,100,0,-25
8852961022711,100,0,-12
8852961026115,100,0,-11
8852961023145,100,0,1
8852961022704,100,0,-6
8852961021370,33.33333333,1,16
8852961025941,450,1,6
8852961025958,480,1,5
8852961021394,100,1,7
8852961021417,100,0,-10
8852961021431,100,0,2
112245,9,0,3
8964002488766,10,0,0
8964002488773,10,0,0
8961103501530,30,1,36
8992222300162,750,0,2
8992222300360,750,0,3
103421,750,0,2
103422,750,0,1
103423,750,0,3
103744,750,0,2
103745,750,0,0
9310379400006,1780,0,1
11509043108,2250,0,1
11509043139,2350,0,-1
9310379273006,2220,0,1
9310379275000,2220,0,1
9310379277004,2250,0,1
9310379275017,2150,0,0
9310379279008,2250,1,4
104487,2000,0,0
106761,810,0,1
8964000769973,1290,0,0
8964000769966,505,0,1
8964000163436,750,0,0
8964000163344,860,0,0
8964000769492,1265,0,1
8964000163375,785,0,0
8964000769713,1450,0,0
8964000769706,585,0,2
8964000769881,525,0,1
8964000769898,1325,0,1
8964000163191,1350,0,2
8964000163184,1295,0,1
8964000163054,1385,0,0
8964000163351,1060,0,1
8964000769577,1390,0,0
8964000769508,1265,0,0
8964000163214,550,0,2
8964000163221,1200,0,0
8964000163153,1350,1,5
8964000164204,1190,0,1
8964000769591,605,0,2
8964000769607,1435,0,2
8964000163726,1265,0,2
8964000163030,1360,0,-6
8964000163023,505,0,-3
8964000163382,850,0,3
8964001541264,950,0,1
8964000163122,525,0,2
8964000163139,1190,0,0
8964000164211,500,0,1
8964000164228,1155,0,-1
8964000163078,1290,0,1
8964000163863,550,0,-2
8964000163870,1260,0,-9
8964000769447,1150,0,-3
8964000769911,1450,1,9
8964000163320,1050,0,2
8964000769720,1105,0,0
8964000770030,850,0,2
119070,510,0,-2
116780,250,0,3
116787,190,1,6
117206,7600,0,0
769503786186,20,0,2
769503786162,20,0,2
117554,40,0,0
103133,230,0,0
103130,230,0,0
116285,235,0,0
103131,235,0,0
116280,205,0,3
116281,235,0,2
116282,205,0,1
103132,205,0,1
116283,235,0,3
116284,235,0,3
102516,210,0,2
103323,380,0,1
106770,29,1,180
105918,100,1,9
108476,1.6,1,40
602772125044,50,0,0
100838,85.71428571,0,0
115365,217.32,1,99
110937,5.15,1,30
106391,387.19,0,3
886635001243,140,0,0
886635000000,210,0,0
886635000109,210,0,0
886635000222,210,0,0
107934,232,0,3
110232,21.23642857,1,15
112026,33.92857143,1,12
108429,32.985,1,10
109866,49.9875,1,12
114396,45.9211,1,50
107519,95.16,1,11
111087,15.30366667,1,78
104858,650,0,1
108166,160,1,5
744343546312,220,0,0
769503781457,90,0,1
113732,825,0,0
80052760,395,0,3
118071,420,0,3
8951012001559,50,1,11
7181221034166,320,0,0
644216010288,225,1,4
6769790401001,100,0,0
718122104116,280,0,-2
7137571777338,340,0,0
7137571774368,125,0,0
644216009183,100,1,9
732388534531,320,0,0
718122099917,120,0,1
7137571699364,120,0,0
689076783873,100,1,5
7137571776348,270,0,3
718122103218,550,0,2
117243,300,0,1
705105554730,160,0,1
718122104215,80,0,2
653341107077,170,0,1
705105558530,140,1,8
705105552934,425,0,3
689076784375,430,0,2
689076783378,430,0,2
718122103317,525,0,3
689076783972,530,0,2
689076783170,530,0,0
705105552835,750,1,6
689076784078,790,0,1
689076783279,750,0,0
112092,125,1,11
112923,174.616,0,0
96197370,160,1,11
40052458,0,0,0
792625892213,350,0,-2
792625892220,650,0,-2
114964,215,0,0
6294003539153,140,0,0
6294003539054,300,0,-12
8690632059150,229,0,0
103988,590,0,0
101986,450,0,1
101987,390,0,0
101988,390,0,0
116268,700,0,0
116266,700,0,0
101342,180,0,1
721688860617,180,1,4
101343,250,0,1
735745952597,345,1,7
735745952740,450,1,4
735745952559,650,0,3
101349,200,0,0
101309,120,0,3
107614,140,1,5
115461,30.4,0,0
112029,560.96,0,0
109782,281.04,0,1
113095,934.45,0,2
112162,54.664,1,12
113402,99.014,1,27
111815,96,1,10
8886300007091,30,1,148
8887290020206,80,0,0
8886300007077,1650,0,1
100687,850,0,1
8886300007022,150,0,0
8886300004106,99,0,0
107709,175,0,0
735745952641,380.3,0,1
8964300901110,230,0,0
8966666183339,620,0,-2
8963557106668,899,0,-1
8963546107775,330,0,0
117976,450,0,-5
8963558106667,1099,0,0
8966666182226,399,0,0
8964300385552,260,0,-1
8964300485559,320,0,-4
8965555105551,180,0,0
8963555105557,350,0,-7
8965555185553,570,0,-2
117975,230,0,0
112188,557.27,0,0
113457,38.76,1,30
114076,63.84,1,30
5633272238588,100,0,-5
JAF03441,150,1,9
114748,50,0,0
115119,121,0,0
8923000375966,180,0,-21
116870,200,0,0
8961014032901,75,1,88
8961014021639,50,1,7
8961014038149,275,0,1
8961014034172,140,0,0
8961014032147,265,1,5
8961014032123,460,0,1
100861,60,0,0
8961014034950,90,0,-1
8961014034677,175,1,36
8961014031058,190,0,0
8961014033861,185,0,-35
8961014033854,185,0,0
8961014033823,30,0,0
8961014033816,30,0,0
8961014033847,275,1,48
8961014033960,50,0,1
8961014033953,50,1,145
8961014030457,75,0,0
8961014030464,75,0,0
8961014037326,350,0,0
8961014034165,140,0,0
8961014032130,270,1,11
8961014032116,475,1,11
8964000031018,150,0,-2
8964001024941,410,0,0
4800361002851,820,0,0
4800361328463,70,0,2
4800361000239,1450,0,0
4800361339360,350,0,0
5900020042668,80,0,0
4800361292382,2150,0,0
109408,263.94,0,1
671866277402,70,0,0
671866277396,70,0,0
671866277419,70,0,0
671866150101,160,0,0
671866149754,210,0,0
671866149969,180,0,0
788364955180,50,1,8
788364955173,20,1,12
788364955197,50,1,45
8996001320136,350,1,11
8996001331156,450,0,1
112414,35.4,1,15
4909688584627,130,0,0
4909688584634,130,0,0
106353,220,1,4
116027,240,0,0
116028,240,0,0
116029,240,0,0
116030,240,0,0
111134,398,0,0
116956,420,0,2
116866,650,1,14
19962816079,220,1,10
103298,650,1,11
8964001025771,30,0,0
112999,29.818,0,0
8964000572924,499,0,0
8964000572917,499,0,0
8964002346943,30,0,0
8964002347292,40,0,-17
8964002347353,40,1,77
8964002347278,40,1,33
8964002346509,60,0,-17
8964002347377,60,0,1
8964002347360,60,1,19
8964002345786,50,1,51
8964000090756,50,0,-5
8964002347049,100,0,0
114905,75,0,0
116901,50,1,30
48700092,220,0,0
48700085,220,1,8
115214,1760,0,0
100684,590,0,0
4005808366606,320,1,5
110044,345,0,0
112948,57.5,1,28
111975,39.28571429,1,14
108919,220,0,0
116957,1500,0,0
8961008223193,850,0,3
8961008235394,1400,0,0
8961008235370,450,0,1
8961008222684,700,0,0
8961008222691,1575,0,2
8961008235400,3150,0,1
8961008222066,720,0,-1
8961008222073,1575,0,2
8961008222080,3250,0,1
8961008222097,850,0,3
8961008223261,1575,0,0
8961008223278,3150,0,1
112918,24.894,1,140
108683,249.06,1,5
744343546862,204,0,0
102032,170,1,24
744343545346,200,0,0
744343545322,190,0,-2
220200,1600,0,0
744343545315,60,0,-1
744343546718,360,0,0
100415,550,1,6
100755,180,0,0
744343545353,95,0,0
100740,81,1,6
100099,145,0,-1
101849,150,0,-58
118506,120,1,39
118384,100,1,14
101653,200,0,-4
744343545360,420,0,2
744343546671,630,0,0
744343545414,220,0,0
744343545384,240,0,3
744343545407,420,0,1
744343545438,30,0,2
744343545445,270,0,1
101972,340,0,-1
CANDLE,40,0,0
100549,620,1,18
119321,620,1,37
744343545452,70,0,0
744343546183,120,0,3
744343546596,195,0,0
744343545926,290,0,1
744343546817,920,0,0
744343546190,80,1,4
116051,1350,0,0
116052,2980,0,-6
116054,5200,1,59
116055,9500,0,-9
116057,9750,1,24
102333,160,1,13
103763,240,0,-1
116882,330,0,-2
101488,190,1,4
101869,150,1,4
100899,80,0,-1
101837,200,1,4
102300,100,0,-1
102040,215,0,2
744343545469,90,0,0
67174464,200,0,-1
440400,2980,0,0
404040,2580,0,0
200220,1650,0,0
400440,3100,0,0
550500,3000,0,0
200020,750,0,0
500050,1300,0,0
744343545520,90,0,0
744343545476,100,0,0
744343547203,50,0,0
744343545506,90,0,0
744343546473,50,0,3
744343545537,300,0,0
744343545544,170,1,6
744343545551,370,0,0
744343545575,750,0,0
744343545568,210,0,0
744343547180,95,0,1
744343546459,95,0,1
744343546633,90,0,-1
744343545582,150,0,0
744343547081,75,0,0
101809,150,0,0
101551,55,0,0
744343545605,150,0,0
744343545629,420,0,0
102598,550,0,-3
744343545667,150,0,1
744343545674,234.32,0,0
117303,550,0,-4
744343546350,260,0,-1
788020,250,0,0
744343546534,160,1,11
117420,160,0,-2
117421,170,1,6
101508,30,0,1
101950,90,0,0
101631,130,0,0
101645,120,0,0
102035,190,0,0
744343545681,185,0,0
744343547111,30,0,0
744343545704,150,0,0
744343546251,140,0,0
102324,80,0,0
744343546275,220,0,2
744343546299,150,0,0
102659,200,0,0
102376,135,0,0
744343545711,120,0,0
744343545728,260,0,0
102237,200,0,0
744343545742,35,0,0
744343545735,65,0,1
744343545759,65,0,0
104015,400,0,1
744343546442,110,0,0
102499,110,0,0
102835,60,0,0
102501,40,0,0
101941,80,0,2
744343546893,60,0,0
744343545780,80,0,0
788040,250,0,0
744343546411,400,1,41
744343546886,620,1,22
2001,60,0,-2
7443435471664,100,0,3
744343545797,140,0,0
119188,220,0,0
744343545773,50,0,0
744343545889,75,0,0
102238,270,1,20
744343545803,130,0,0
744343547098,85,0,0
744343545834,150,0,1
744343545841,220,0,0
744343545865,190,0,0
744343545872,90,0,0
102885,400,0,0
102122,350,0,-4
117906,420,1,4
102515,250,0,-1
744343546824,200,0,-1
744343546855,120,0,1
744343546039,220,0,2
744343545896,150,0,0
744343545902,100,0,0
744343545964,120,0,1
744343546916,240,0,-1
101276,52,0,0
744343547128,80,0,0
104077,700,0,0
118468,85,1,95
788074,100,0,-1
788014,100,0,-7
744343545971,90,0,0
744343545988,50,0,0
744343545995,60,0,0
744343546008,170,0,2
744343546121,450,1,26
101862,170,0,2
116395,280,0,2
117918,220,1,13
744343546022,287.78,0,0
744343546015,260,0,0
744343546084,70,0,0
108167,190,1,5
6260303765707,70,0,-1
112609,660,0,1
113057,100.3571429,0,0
113954,50.17928571,1,49
113347,30.10928571,1,56
113346,30.10857143,0,-14
114354,129.987,1,45
113492,35.12666667,1,60
114048,76.499,1,45
106441,320,0,0
114170,287.5,0,0
113102,26.25,1,90
100827,770,0,0
101144,1390,0,0
100274,2500,0,0
107522,3.2376,1,75
114597,1733,1,4
109472,25.3,0,0
109051,2.5314,1,180
110722,4.2546,1,90
108946,8.133333333,1,60
108264,256.09,1,4
111847,7.1911,0,-30
6260128709986,70,0,1
8964002346370,150,1,6
8964000090602,20,1,15
8964002347476,30,0,-140
8964002347421,30,0,-48
8964002347322,30,0,-4
8964002345724,30,1,98
8964002347445,30,0,-27
8964002347469,30,0,-22
8964002347308,30,1,39
8964002347452,30,0,-75
8964002347599,40,0,0
8964002346844,50,0,-33
8964002346875,50,0,-32
8964002346608,30,0,0
8964002346868,50,0,-102
8964002346882,50,0,-83
8964002346486,50,1,96
8964002346615,50,0,-1
8964002346783,50,1,46
8964002347612,40,0,0
8964002346851,50,1,33
8964002347735,40,0,0
8964002347766,40,0,0
8964002347728,40,0,0
8964000103791,40,0,0
8964002347704,60,0,0
8964002346929,70,0,-10
8964002346899,70,0,-31
8964002346912,70,0,-66
8964002346936,70,1,15
8964002346493,70,0,-1
8964002346905,70,0,-167
8964002347681,60,0,0
8964002347711,60,0,0
8964002347674,60,0,0
8964002347698,60,0,0
8964002347575,60,0,0
8964002347636,80,0,0
8964002347667,80,0,0
8964002347650,80,0,0
8964002347629,80,0,0
8964002347643,80,0,0
8964002346677,100,0,2
8964002347537,80,0,0
8964002347063,100,1,5
8964000090435,100,0,-17
8964000090428,100,0,-5
8964002346660,100,1,13
8964000090411,100,1,28
8964002346776,50,1,116
8964002346790,70,1,18
8964002346356,150,1,25
8964002346363,150,1,17
8964002345762,50,0,-40
8964002345700,30,0,3
8964002346394,150,0,-23
8964002345854,70,1,18
8964002345861,100,1,7
8964002345847,100,0,0
8964002345830,70,1,4
8964002345793,30,1,240
8964002346806,70,0,-22
8964002345748,70,1,16
8964002347568,60,0,0
8964002345731,50,0,3
8964002345816,70,1,83
118737,70,1,193
8964002345809,50,1,35
5028217006252,220,0,2
5028217005606,210,0,2
5028217004654,220,0,2
5028217004661,210,1,4
5028217001035,150,0,1
5028217001028,150,0,2
5028217001042,150,0,0
5028217001059,150,0,2
5028217000991,150,1,13
102120,290,0,1
5028217001080,150,0,2
5028217006283,220,0,0
5028217001288,220,0,0
5028217000779,220,0,1
5028217002322,220,0,1
5028217999967,220,0,0
5028217999974,220,0,0
5028217001486,210,1,4
5028217001257,220,1,5
106126,173,0,0
109448,32,0,0
110834,46,1,15
107788,227.5,1,4
112255,570,0,0
111593,430.19,0,0
109843,34.256,1,63
111643,55,1,136
112550,70,1,10
116809,39.47368421,0,0
113333,36.66666667,0,0
113980,58.66666667,1,30
109836,29.55,0,0
111023,49.25,0,0
1860074061449,110,0,-3
8886950072296,35,0,2
8886950072272,50,1,5
100009,80,1,17
8886950072289,78,0,1
8886950072210,160,1,10
8886950072241,15,0,0
8886950072425,20,1,13
8886950072258,30,1,8
8886950083155,140,0,0
8886950096254,50,1,8
8886950096421,50,0,0
8886950085234,115,1,5
8886950096162,165,1,7
8886950085258,247,0,0
8886950096186,200,0,3
8886950096193,321,0,1
8886950096179,255,0,2
8886950096216,285,0,2
8886950085319,440,0,1
8886950085364,440,0,0
8886950099538,400,0,1
8886950096407,436,0,0
8886950096391,390,0,0
8886950074498,140,0,1
8886950073491,140,0,2
8886950074658,240,0,3
8886950073651,240,0,2
8886950073583,397,0,0
8886950073590,412,0,0
8886950083162,80,0,0
8886950083124,160,1,4
8886950083131,179,0,0
8886950083148,179,0,0
8964002759217,40,1,44
8964002526352,30,0,0
8964002526376,20,1,37
8964002526390,10,0,1
8964002893997,2650,0,0
6935079111972,2650,0,0
6935079111965,2650,0,0
6935079111958,2650,0,0
6935079111989,2650,0,0
6935079110708,1250,0,0
6935079110715,1250,0,3
8964002479221,1350,0,0
8964002479214,1350,0,0
8964002893980,1350,0,0
8964002479207,1350,0,0
8964002479238,1350,0,0
6935079117233,1800,0,1
6931881220185,150,1,13
107894,12.345,1,10
111474,434.5,0,3
112566,699.31,0,2
110905,82.11,1,20
112541,71.399,1,5
112817,62,0,0
113155,90,1,30
109789,298.1,0,0
116928,700,0,0
118893,74.1,1,10
111615,20.338,0,0
113184,37.761,1,43
109587,27.58,0,0
112052,21.66666667,0,-34
112053,13,1,19
108612,6.895,1,30
109747,10,1,148
7622201114930,420,0,0
105410,98.6,0,2
8961014266931,370,0,2
8961014266948,670,0,1
8961014264906,250,0,0
8961014264661,125,1,5
8961014264586,99,1,5
8961014266092,670,0,3
8961014266016,10,1,38
8961014263732,70,1,6
8961014261059,10,0,-3
6936076900484,500,0,0
8961014255737,850,1,4
8961014255775,850,0,1
8961014263183,850,0,1
8961014255768,850,0,1
8961014266047,370,0,0
8961014266955,170,0,0
8961014263176,250,0,1
8961014255782,250,0,1
8961014255799,250,0,0
8961014255744,450,0,3
104141,450,0,0
103082,450,0,0
8961014261141,370,1,4
8961014261127,370,1,4
8961014261158,370,0,1
8961014255959,370,0,3
103555,670,1,5
8961014261097,599,0,0
8961014255966,620,0,-1
8961014261066,620,0,0
104971,1299,0,0
104199,1299,0,0
8961014261172,200,0,0
8961014261165,150,0,0
8961014255942,200,0,0
8961014264562,99,1,15
8961014262865,99,0,0
8961014262872,95,0,2
8961014264555,99,1,6
8961014264647,125,1,8
8961014249309,115,0,0
8961014262926,125,0,0
8961014262933,115,0,1
8961014264630,125,0,-3
8961014262827,60,0,-1
8961014262834,60,0,0
8961014263725,70,1,4
8961014264654,125,0,0
8961014263749,70,0,0
6935448451876,220,0,2
118838,50,1,6
6972877020730,180,0,1
109612,283.84,0,2
109492,22.18416667,1,28
110440,79.216,0,0
112235,119.06,0,1
107966,147.02,0,1
8961101623364,26,0,0
109139,300,0,0
4607006673106,95,0,0
4607006673069,95,0,2
4607006677609,95,0,1
8964002385447,118.33,1,4
109224,300,1,5
8964001204961,11.875,0,0
4607006673144,188.33,1,11
8964003122843,260,1,16
8964003122850,190,1,9
789,100,1,42
8964000506349,395,0,2
6973911210063,250,0,3
119348,300,1,5
LIP OIL PRETTY,350,0,3
8964003537111,33.16666667,1,181
109765,29,0,-40
111971,54.66666667,1,57
112628,65.625,0,0
110599,37.4,1,20
111566,47.6,1,8
109175,26.95,1,10
111714,48,1,60
102249,300,0,3
5063305005632,1200,0,1
5063305005717,300,0,1
5063305005724,600,0,0
5063305008749,400,0,0
5063305008756,1200,0,0
5063305008732,220,0,0
8720608622481,50,1,16
5063305010940,100,0,2
3574661177120,645,0,0
115972,645,0,0
115974,645,0,0
100746,645,0,0
115971,645,0,0
115973,645,0,0
8991111153261,750,1,17
115975,645,0,0
105239,645,0,0
8941174010438,950,0,0
8964001369783,1500,0,0
8964003537593,2149,0,0
104836,890,1,4
8941174011145,290,0,0
8941174010445,580,0,0
8901088062381,550,0,3
B,120,0,-2
119064,80,0,3
119107,80,0,2
6956335201206,100,0,0
6965852458628,150,0,3
6976374680435,300,1,10
6948813422548,350,1,5
6956742835933,275,0,0
6999945100019,110,0,-2
6956742835940,340,0,1
6948813422555,450,0,3
6948813422562,580,0,2
109050,11.692,1,68
108141,7.6845,0,0
108331,8.792,0,0
113245,33,1,360
112179,18.5,1,30
112848,26.66666667,1,180
117836,20,0,-8
116976,10,1,345
116037,30,0,-4
110921,2,0,-301
116933,500,0,0
107572,3.561333333,1,120
107459,2.731666667,1,60
3610340655333,540,0,3
3610340654275,540,0,2
3610340655364,519,1,4
3610340663451,540,1,8
3610340655418,540,0,2
3610340674983,580,0,3
3610340674945,580,1,5
3610340674921,550,0,2
3610340645945,849,0,0
3610340672057,1099,0,2
3610340674976,899,0,2
3600522466611,2690,1,20
3610340670404,549,0,3
104490,895,0,0
104515,895,0,0
3610340655401,499,0,3
3610340663468,520,1,9
3610340655388,520,0,3
3610340655326,520,0,0
3610340654237,520,0,0
3610340655371,879,0,1
107511,72,0,1
108272,14,1,8
118841,14.5,1,31
119052,129,0,3
107461,67.06,0,0
108487,13.6,1,6
111655,16.771,1,45
108647,9.944,1,20
110655,18.0805,1,20
112055,24.995,1,20
113229,67.90071429,1,14
10011,120,1,4
105669,347,0,1
106009,116.44,0,0
106109,165.39,0,0
671866277884,30,0,-8
671866278003,40,0,2
671866130325,30,1,41
788364955166,20,1,8
8961103501981,50,0,-9
116457,177.33,0,3
109394,27.934,1,26
109706,29.965,1,60
109590,28.967,0,-50
647356754340,120,0,0
111086,42,1,10
105881,2150,0,3
6501274354096,400,0,3
6942239018804,400,0,3
722777855736,230,1,6
722777855699,160,0,3
8961014264227,450,0,1
8961014264210,450,0,0
8961014264234,450,0,1
8851932440806,645,0,0
8961014248623,300,0,0
8961014248647,300,0,0
6221155046154,535,0,0
8999999036584,645,0,0
6221155046611,535,0,0
8999999036553,645,0,0
6221155046581,645,0,0
8999999036546,645,0,0
8999999036539,645,0,1
6221155046574,535,0,0
8851932350648,1040,0,0
8851932368582,1040,0,0
8851932458573,1040,0,0
8851932332347,1220,0,0
8851932415262,1040,0,0
8851932468732,1040,0,0
8851932332262,1040,0,0
8961014255096,120,1,6
8961014255164,150,1,5
8961014255133,150,1,8
8961014255157,150,0,3
8961014255140,150,0,1
8961014255171,165,0,-1
8961014255188,165,0,1
8961014255089,100,1,12
8961014255102,120,1,9
8961014255119,120,1,9
8961014255126,120,0,2
8961014255065,70,0,0
8961014265224,120,1,7
8961014265217,150,0,-3
6248765457958,3230,0,0
112525,8.5,1,174
108106,240,1,4
111161,45,0,0
5000159471688,730,0,0
40111490,350,1,6
40111445,375,0,0
4655832523423,130,0,0
100996,65,0,0
104074,70,0,0
104746,100,0,0
104099,190,0,0
104736,250,0,0
104993,170,0,0
102353,274.5833333,0,0
117057,200,0,0
6291035000200,260,0,0
6291035000194,70,0,0
9243178634030,50,1,11
9200501034363,30,1,11
9243178628398,50,1,552
8964000979884,200,0,0
9200503036921,150,1,4
9200507071676,350,0,1
110173,12.83333333,1,110
110177,34.5,0,0
8966000039605,80,0,0
8966000039643,80,0,-2
8966000039612,80,0,2
8966000039629,80,0,1
119580,126.51,0,3
110043,50.28166667,1,12
109798,286.2,0,0
111624,82.86833333,1,18
119079,250,1,6
119347,450,0,1
8961103503701,750,0,1
6923634955345,35,0,-1
853279008709,110,1,298
6297000611020,150,0,-6
8964000121610,195.06,0,0
119038,70.77,0,1
119037,150,0,0
7137571753332,470,0,0
106078,152,0,0
110701,351.59,1,5
112311,19.61666667,1,60
3218475321001,1000,0,1
3218475323001,700,0,0
8964004135040,1298,0,1
8964004135125,998,0,2
105622,180,0,-2
113874,56.66666667,0,0
8961000025214,100,1,5
8964000057018,90,0,0
8964000057094,215,0,1
8964000057100,385,0,0
8964000057087,35,0,-3
8964000057919,675,0,0
8964000057124,1050,0,0
8964000054185,100,1,10
8964002526659,80,0,0
8964002758746,40,1,44
8964002526666,30,0,0
8964002526710,20,1,26
8964000572627,650,0,0
8964000572962,780,0,0
8964000570647,650,0,0
8964000572863,650,0,0
8964000571651,650,0,0
8964000571668,650,0,0
8964000572665,750,0,2
8964000572870,750,0,0
8964000570609,750,0,2
8964000571620,650,0,1
8964000571637,650,0,0
8964000572641,780,0,1
8964000572047,780,0,2
8964000572856,780,0,0
8964000571927,780,0,0
5000159407236,300,1,58
103774,375,0,0
113351,42.81833333,1,51
114054,62,1,5
8964000063712,320,0,0
101993,55,0,0
118263,5,1,39
116530,1200,0,0
116690,60,0,-3
118269,12.5,1,168
113948,80,0,-1
117039,24,0,-4
114519,5000,0,0
119101,70,0,0
112279,200,0,0
109635,240,0,0
101287,5,1,39
8886950086064,760,0,0
8886950086033,900,0,1
8886950086095,900,0,1
8886950086057,550,0,1
8886950086026,550,0,2
8886950086088,550,0,0
8721274610413,60,1,27
8964004135132,998,0,0
8964004135163,1598,0,1
8886950085326,450,0,2
8886950086293,750,0,0
8886950076058,185,0,0
8886950076041,70,0,0
8886950076195,45,1,11
8886950076034,75,1,8
8886950076027,39,0,0
8886950076133,80,0,1
8886950076089,125,0,0
8886950076096,260,0,0
8886950076119,170,0,0
8886950076065,95,0,1
8886950076010,70,0,1
8886950076102,110,0,0
115217,1598,0,0
8964004135057,1498,0,1
106972,998,0,0
113718,77.55,1,55
114202,139.15,1,20
110225,13.37333333,1,170
110924,17.30666667,1,90
105620,244.09,0,2
118989,38.88888889,1,9
109534,16.25,1,25
110476,17.973,1,16
116925,3000,0,0
109947,35.668,0,0
107394,58.56,0,0
108940,2.1732,1,60
8964003378882,50,0,0
8964002444038,20,1,27
8964000941010,10,1,52
745604690232,50,0,0
745604690324,230,0,0
817078887026,200,0,0
817078774180,100,0,0
717074008206,50,0,0
817074001112,230,0,0
745604690331,230,0,0
717074008251,50,0,0
745604690249,50,0,0
745604690270,230,0,0
6291101526603,670,0,0
6291101526580,670,0,0
6291101526702,690,0,0
6291101526726,690,0,-2
6291101526788,690,0,-2
6291101526672,690,0,-1
6291101526764,690,0,0
6291101526801,690,0,-2
6291101526719,690,0,0
6291101526771,690,0,0
6291101526757,690,0,-2
6291101526696,690,0,-3
6291101526795,690,0,1
8850477002388,1280,0,0
109862,37.5,0,1
5060593000134,430,0,2
5060593000189,430,0,3
5060593000110,430,0,1
5060593000462,1200,0,0
5060593000196,430,0,0
5060593000172,430,0,2
5060593000127,430,0,3
5060593000103,430,0,2
5060593000158,430,0,1
5060593000165,430,0,0
5060593000141,430,0,0
110960,20,1,20
111665,41.4,1,20
6291101520151,290,0,1
6291101522636,340,0,1
6291101525668,390,0,0
6291101520106,100,0,0
6291101523626,185,0,2
6291101523657,220,0,2
6291101520113,200,0,0
6291101520137,260,0,0
6291101523688,185,0,2
6291101522889,200,0,0
115521,400,0,0
4751036528797,750,0,0
8964002393244,325,0,0
8964002393039,150,1,8
112216,14.83333333,0,0
6936268400044,1700,0,2
117728,62.93333333,0,0
8964000419137,590,0,0
8964000419656,575,0,-5
8964000611906,2610,0,3
8964000419731,600,1,6
8964000419472,575,0,0
107473,141.41,0,1
109378,1.92,0,-15
113084,5,1,149
105686,325,0,0
4902705005884,2475,0,3
4902705005877,5300,0,2
4902705005891,1000,0,2
4902705097896,1165,0,1
4902705126954,2375,0,2
4902705126961,5350,0,2
4902705127050,2450,0,2
4902705127067,5450,0,2
4902705031258,2530,0,1
4902705025219,999,0,1
4902705127135,2550,0,1
4902705127104,2350,0,3
4902705127142,2020,1,5
788364960825,30,0,-11
788364960849,30,0,-1
106962,990,0,1
106469,351.33,0,0
106507,375,0,-1
108923,25,1,20
107902,13.2,1,20
6921211117094,320,0,0
6921211105268,180,0,3
8990800022567,120,0,0
80823438,750,0,-10
80809494,750,0,2
80916499,750,0,0
80977254,750,0,2
80864233,750,0,0
8935001725572,750,1,7
8935001726029,240,0,0
8935001726043,240,0,0
8935001726005,240,0,0
87108040,160,0,2
6921211117025,320,0,0
8990800022550,125,0,1
8990800022543,180,0,3
8990800024486,130,0,-1
8990800022574,130,0,0
8990800025377,130,0,0
87108538,180,0,0
110671,14.028,1,60
101229,20,0,-3
101900,40,0,-1
107617,3.603666667,1,30
108353,6.670333333,0,-30
115793,2848,0,2
119199,2450,0,1
119200,2350,0,1
108241,3.26,0,0
105419,87,0,1
107336,49,0,2
114041,182.709,1,9
114301,31.5,1,121
108012,105,0,2
107985,200,0,-1
107812,15,1,8
8964000798546,90,1,29
8964000798539,120,1,33
8964000798843,60,1,36
8964000800676,50,0,0
110137,3.5971,1,200
8966601371340,60,0,2
105262,560,0,0
8961102504990,250,0,0
8961102505522,40,1,11
113651,72,1,90
114062,95,0,0
6261149143216,30,0,0
815082004781,150,0,3
8961003602016,40,1,14
8961003604010,20,0,-40
8961003604911,20,1,59
8961003602023,30,0,-2
8964003084134,220,1,5
8964003084035,340,1,7
8964003084011,85,1,7
8961008219561,380,1,23
8961008022185,95,1,36
8961008214191,280,0,0
8961008214184,500,0,0
8961008216508,500,0,0
7051055566358,650,0,3
102591,350,0,-1
8964002474899,760,0,0
103670,850,0,0
104222,1900,0,2
8964000707715,770,0,3
104803,1700,0,2
8961008216027,60,0,-6
8961008215600,980,0,-1
8961008215617,1695,0,0
101605,17.5,0,0
8961008220833,80,1,18
8961008220826,550,0,0
4800361002974,770,0,0
4800361291446,1450,0,0
4800361355872,1350,0,0
9556001240132,335,0,2
8961008215433,110,0,-16
102102,170,0,-3
810404143056,220,0,0
8964000241950,410,0,0
8964000241530,21.25,0,0
8964000241714,450,0,0
110879,85.002,1,13
113210,890,0,0
112551,700,0,0
744343547159,120,0,0
12000800184,230,0,-1
8964000101315,170,1,14
8964000101322,270,0,2
8964000101506,110,1,40
8964000103319,90,1,20
8964000101605,120,1,24
113006,34.777,0,0
113691,60,1,20
109910,19.8,1,60
116771,29.7,1,60
6985948550421,350,0,-2
5022786513623,30,1,86
114769,650,0,3
8961005149472,150,0,0
8961005030589,470,0,3
6533411503708,270,0,1
8961005100121,490,0,0
8961005060081,295,0,0
8961005060128,390,0,1
8961005100015,275,0,0
8961005030404,200,0,-1
8961005030411,230,0,3
8961005030428,200,0,0
8961005030053,370,0,2
103878,350,0,-1
8961005030107,370,0,3
8961005030497,340,0,0
8961005030091,370,0,2
8961005050013,340,0,1
103214,340,0,0
8961005030039,350,0,3
8961005030046,350,0,1
8961005040304,220,0,0
8961005040205,200,0,2
102857,350,0,2
8961005040038,350,0,2
8961005040045,350,0,2
8961005010901,200,0,0
8961005050044,370,0,3
8961005050037,485,0,0
8961005060074,326,0,0
8961005060180,580,0,0
103723,515,0,0
8961005060197,515,0,1
8961005170097,295,0,0
8961005070134,295,0,0
8961005070127,295,0,1
8961005070028,295,0,0
8961005070035,299,0,0
8961005149373,150,0,3
8961005149571,170,0,1
8961005060579,135,0,0
8961005062122,390,0,1
8961005062139,390,0,0
8961005061323,340,0,0
8961005061460,290,0,0
8961005060036,260,0,0
8961005060289,280,0,1
8961005060104,355,0,0
8961005061316,230,0,0
8961005060227,420,0,0
8961005010017,420,0,2
101549,420,0,2
8961005010031,400,0,2
103403,465,0,0
8961005060562,135,0,0
8961005060012,270,0,2
8961005060203,420,0,0
8961005100480,525.01,0,1
8961005100053,525,0,1
105752,450,0,0
108651,195,1,4
110080,60.77,1,15
112240,115.914,1,21
110221,321,1,5
111998,413.07,0,3
113477,1101.95,0,0
725330584708,130,0,0
112854,27.31214286,1,49
104096,100,0,0
104100,200,0,0
104994,170,0,0
104737,250,0,0
116048,78,0,0
104075,70,0,0
6291101528010,190,0,0
6291101528027,120,0,1
100963,40,1,14
6291101528034,80,0,0
111872,55,0,0
110740,3.7,1,120
111703,96,0,0
111108,9.36,0,0
8964003062835,2575,0,1
8690536855100,520,0,3
8690536845132,520,1,4
8964003062712,2575,0,2
8964003062705,2575,0,1
8964003062699,2575,0,2
8964003062682,2575,1,5
8964003062675,2575,0,1
104576,2575,0,3
8964003062804,1485,0,0
8964003062798,1485,0,0
8964003062781,1485,0,0
8690536833290,2450,0,2
8964003283469,2575,0,2
112605,16.9,0,0
8964000160138,325,0,0
8964000160275,325,0,0
8964000159408,610,0,0
8964000159507,860,0,0
8964000159547,689,0,0
8964000159460,539,0,0
8964000161258,855,0,0
8964000159439,669,0,0
8964000159606,879,0,0
8964000159989,959,0,0
8964000159156,410,0,-1
8964000159149,1090,0,0
8964000159996,900,0,1
8964000159385,699,0,0
8964000159569,890,0,0
8964000159552,485,0,0
8964000159521,1080,0,1
102116,255,0,-1
8964000161074,1050,0,0
104759,1215,0,1
8964000161036,959,0,0
8964000159545,1110,0,0
8964000161128,999,0,0
8964000159217,735,0,0
8964000161418,850,0,0
8964000159972,709,0,0
8964000159453,539,0,0
8964000161487,495,0,0
8964000161364,489,0,0
8964000161357,495,0,0
8964000161104,739,0,0
8964000161111,1019,0,0
8964000161494,235,0,0
8964000160121,260,0,0
8964000159361,670,0,0
8964000159354,170,0,0
8964000160046,849,0,0
8964000160398,1225,0,0
89640000159064,210,0,-5
8964000160305,920,0,0
8964000161500,559,0,0
8964000160015,650,0,0
8964000160206,245,0,0
103464,432,0,0
8964000161395,370,0,0
8964000160183,326,0,0
8964000161081,669,0,0
8964002997510,300,0,1
8961103502582,50,0,1
111126,34.5,1,28
111929,39.14285714,1,52
111015,34.5,1,61
111554,36.42857143,0,0
110341,25.35714286,0,0
117493,28.57142857,1,49
792649750469,40,1,15
792649750520,40,1,8
792649750582,40,0,-3
6248765458009,3230,0,0
106920,660,0,0
8901177100505,450,0,0
106876,791,0,1
119075,480,0,3
111769,32.10071429,1,57
112604,47.06928571,1,14
8966000012400,220,0,0
8966000012431,120,0,0
4560550005451,20,0,0
5290625018510,50,0,0
8966000012424,80,0,0
726529872439,1550,0,0
116006,20,1,28
116007,30,1,5
6001106114978,475,1,8
8966000041349,650,0,0
5052197062328,995,0,3
5052197062298,1250,0,1
5052197062267,550,1,8
6001106114862,220,1,15
8961101231514,1650,0,2
8961101231057,300,0,1
6001106208424,450,0,0
5052197062304,1400,0,0
8961101230500,1030,0,0
8961101230494,1030,0,0
8966000041325,550,1,4
8964002686377,550,1,8
8961101231439,840,0,1
8961101231453,910,0,1
8961101231415,930,1,10
8961101231477,930,1,5
8964002686292,1200,1,4
8961101231460,1240,0,3
8961101231422,1200,0,3
103384,1295,1,10
5052197062274,650,0,1
5052197062311,985,0,0
109052,304.14,0,0
107989,179.83,0,0
116205,353,0,0
101728,303,1,7
116206,404,0,3
8964000982679,890,0,1
8964000982587,240,1,6
116106,236,0,1
116107,445,0,1
116103,450,0,2
101646,190,0,-1
102761,290,0,0
102057,720,0,0
101714,690,0,0
100115,600,0,2
116105,2760,0,0
116104,665,0,0
102438,255,0,0
102918,500,1,15
102229,310,1,4
103363,460,0,0
102688,460,1,12
103717,575,0,1
116101,530,0,0
102693,550,1,6
104284,766,1,8
102041,200,0,-2
101975,300,1,5
102350,236,1,9
102764,330,0,1
102706,375,0,3
102656,321,0,0
103012,440,0,0
116099,500,0,3
116100,377,0,0
8964000982563,320,1,5
103560,320,0,0
116102,320,1,4
103055,450,1,6
8964000982662,470,0,3
102179,175,0,0
102180,200,1,6
116096,155,0,0
116097,155,0,0
8964000981092,350,0,2
104024,340,0,-2
103547,340,1,5
108372,200,0,2
111307,10.05,1,40
111978,10.4002,0,0
101010793385,450,1,6
117771,34.75,1,102
111559,25.5,0,-65
110116,69.5,0,-21
111081,68,1,17
105672,380,0,-1
112227,118.8,0,-5
101386,75,0,0
8697439305510,150,0,0
102778,199,0,0
8964002993284,450,0,0
8964000515068,130,0,2
8964000961179,130,0,2
118760,200,0,1
119421,250,0,1
119422,350,0,1
116825,200,1,19
4539248620153,400,1,8
EX-12,420,0,-9
118286,1,0,0
116826,120,1,18
116811,295,0,0
107736,172.95,0,-2
112928,28.23666667,1,40
112504,20.58466667,0,2
107449,80,1,11
10010,100,1,17
8961100331772,340,0,0
8961100330249,330,0,0
8961100330270,310,0,0
8961100331758,240,0,0
119076,620,1,4
108639,6.507,0,0
110076,18.4,0,-20
110056,7.966666667,1,30
111275,124,0,0
107722,157,0,1
744343546343,100,0,0
103705,549,0,0
104058,620,0,0
104000,625,0,0
105203,2515,0,0
105146,2615,0,0
102906,1320,0,0
104828,925,0,0
116023,1035,0,0
104798,1599,0,0
105020,2285,0,0
116024,2560,0,0
104762,1435,0,0
113616,60.0435,1,4
109002,22.718,0,2
110077,33.5,1,10
8965583350220,120,0,-5
8965583350213,60,0,0
117581,3000,0,0
10900100802,450,1,4
8964002994830,230,0,0
792625892473,370,0,-2
109001008128,540,0,-3
792625892527,470,1,5
792625892510,350,0,2
792625892480,350,0,-2
792625892497,350,0,1
792625892749,600,1,4
792625892565,400,0,3
792625892695,650,0,2
792625892756,1000.29,0,0
792625892626,660,1,5
792625892688,330,0,-5
792625892619,680,1,5
792625892633,260,1,10
792625892671,330,0,0
792625892664,350,0,0
792625892640,370,0,1
792625892657,330,0,-3
792625892503,350,0,0
106131,243,0,-4
110843,37.85714286,0,0
8964003378486,40,0,2
112647,19.942,1,25
113159,30.20666667,0,0
108205,9.916666667,0,-2
113801,100,1,30
114298,28.3731,1,90
117396,40.35714286,1,130
111232,40.85714286,1,36
110113,23.14285714,0,-37
111503,35.92857143,1,26
101449,70,0,0
101744,70,0,0
101453,70,0,0
101604,70,0,0
101452,60,0,0
101451,70,0,0
6941334134020,250,0,1
6976824580940,250,0,-2
6976824580049,200,0,2
8964000424896,10,0,0
8964000353530,20,0,-157
8964000424797,50,0,-20
8961008235271,1219,1,7
8961008217390,2430,0,1
105334,3200,0,0
100270,2635,0,0
8961008235295,1350,0,3
100451,2650,0,1
8961008235301,2650,0,0
105312,2030,0,1
104580,2350,0,0
4800361427401,2450,0,0
8961008235325,2430,0,0
8961008217062,1245,1,7
4800361412445,2690,0,0
104952,2249,0,0
6261149143193,30,0,0
111393,17.35,0,-4
113069,798,0,1
620514000930,320,1,11
620514008875,230,0,0
620514001920,350,0,1
620514001098,165,0,1
620514019161,420,0,1
620514008882,230,0,0
620514001937,350,0,1
620514001951,460,0,0
620514017730,140,0,0
620514000060,80,1,10
620514017389,350,0,0
620514004044,150,1,4
620514000602,150,1,5
620514020020,140,0,2
620514000343,150,1,16
620514001692,140,1,6
620514000596,140,0,2
620514018645,140,1,5
620514000367,150,1,6
620514000428,140,1,5
620514000459,140,1,4
620514018768,140,1,8
101692,150,0,3
620514000589,140,0,-1
620514017754,140,1,5
620514001500,140,1,5
620514018737,150,1,8
620514001029,120,1,8
620514000305,140,0,3
620514000909,350,1,11
620514020051,140,0,2
620514020792,150,1,6
620514004082,140,1,4
620514019031,140,1,5
620514015545,140,0,0
620514009872,150,1,7
620514004181,140,0,3
620514001036,190,0,1
620514001753,140,1,4
620514000862,180,0,2
620514000879,350,0,1
620514000824,200,1,6
620514020013,610,0,0
620514004747,105,0,1
620514013206,195,0,0
620514008868,230,0,0
620514001975,350,0,1
620514009773,140,1,6
620514019970,100,0,1
620514001708,350,0,1
620514000671,350,0,1
620514000695,350,0,0
620514012797,20,1,4
620514017396,420,0,0
620514020327,350,0,2
620514009728,350,0,-1
620514015699,400,0,1
620514015705,690,0,0
620514001746,680,0,1
620514000688,680,0,1
620514000701,680,0,1
101394,270,0,2
620514017471,390,1,4
620514000756,145,0,0
620514000770,260,0,2
101481,320,0,3
620514000046,250,0,1
620514000978,140,1,8
620514017129,140,1,5
620514000381,350,0,1
620514001166,60,1,11
620514015392,140,1,5
620514001142,60,0,-1
620514009490,135,0,0
620514008530,235,0,0
620514008981,370,0,0
620514001944,550,0,0
620514009476,150,0,0
620514019192,135,0,0
620514006130,230,0,0
620514005836,430,0,-1
111649,15.61033333,0,0
103156,725,0,0
659048479073,250,1,16
6942653111228,550,0,2
104529,990,0,2
104530,990,1,4
4794236282007,250,0,-3
104435,720,0,0
4794236252024,60,0,0
4796018131268,550,1,7
108133,125,1,8
654561011519,230,0,0
115934,650,0,2
8901248104128,850,0,2
115936,710,0,0
111874,6.5,0,-34
111873,15.83333333,0,-54
116211,3089.06,0,0
114691,4682.81,0,3
100400,3089.06,0,0
100499,3500,0,2
74312042300,2800,0,-1
100630,3370.31,0,0
100565,4994,0,0
105321,1869,0,1
107256,4120.31,0,0
74312055355,5288,0,0
105373,3090,0,0
8964003537081,31,0,-3
118394,29,1,42
108755,16.06214286,1,21
110277,27.27857143,0,-90
110072,31,1,28
108711,10.78571429,1,61
116772,30.647,0,0
116773,12.167,0,0
116774,21.8975,0,0
105587,280.01,0,0
108505,280,0,3
119201,6500,0,0
118704,220,1,5
115836,4500,0,-1
114504,3794,0,0
2004304110951,5500,0,0
6940626000012,270,1,7
118703,220,1,6
6940626000036,270,1,4
119112,29.64285714,1,28
108075,170,0,1
109332,25,1,8
112368,24.78066667,1,18
113661,42.59066667,1,120
109265,2.4443,1,300
107356,85,0,3
108702,8.810333333,1,62
109404,16.8505,1,35
113862,73.75,0,0
107802,114.1,0,0
107652,7.2,0,-26
115368,11.4755,1,25
114291,90.43333333,1,20
105779,680,0,3
105766,517.51,0,0
6930387572170,300,0,0
7308521672830,400,0,0
7308521672847,400,0,3
6930387571982,260,0,0
7308521672007,250,0,0
7308521672168,250,0,1
7308521671680,200,0,0
7308521671697,200,0,0
6930387571289,260,0,1
6930387571999,260,0,1
6930387571425,260,0,0
7308521672069,260,0,0
5060120164162,290,0,-2
7308521672021,260,0,0
7308521672854,400,0,1
7308521673189,400,0,1
7308521673172,260,0,0
107978,3.366666667,0,0
108545,10,1,30
8961008238166,180,1,6
8961008238180,180,1,16
101748,100,0,0
8961008219080,190,0,-9
8961008217673,190,0,-7
8961008217666,190,0,-4
102104,190,1,4
8961008222820,200,1,6
8961008222813,200,0,-9
8961008238173,180,1,19
103578,50,1,105
8961008222363,390,0,0
9556001249142,2200,1,5
46204813,2450,0,2
101763,1140,0,0
8961008206752,150,0,0
104460,2550,1,4
NESCAFE COFFEE,40,1,21
8961008219127,75,1,84
104864,1200,1,5
8961008236957,700,0,0
104470,1350,1,6
104732,875,0,1
6181002002699,35,0,-2
8961008235585,35,1,18
8801055706600,1960,0,0
8961008237367,475,0,0
8961008237343,50,0,-8
8961008237381,1950,0,1
8961008218946,450,1,10
103709,395,0,0
103072,420,1,7
8961008211244,400,1,5
8961008211190,420,0,2
8961008213927,480,1,6
8961008221052,420,1,8
8961008216263,520,0,1
8961008216140,520,0,-3
8961008219004,540,1,8
8961008212883,450,0,0
8961008218939,80,1,72
8961008209890,80,1,33
8961008202167,80,1,29
8961008221274,80,1,47
8961008215662,80,1,64
8961008215655,70,0,-60
8961008221069,80,1,75
8961008218991,80,1,81
8961008221281,80,1,10
8961008221076,160,0,0
8961008216973,150,0,0
8961008237671,850,0,2
8961008222295,850,0,2
8961008218328,230,1,58
8961008218342,240,1,5
8961008220147,200,0,0
8961008223780,250,0,1
8961008223698,300,1,5
8961008213866,260,0,0
8961008221229,420,0,-27
102269,390,1,66
8961008211282,100,1,14
8961008238036,2475,0,0
8961008220604,160,0,-1
8961008220598,160,0,0
8961008219790,140,1,12
8961008217321,140,1,14
8961008235615,160,1,15
8961008235622,160,0,3
8961008212289,120,1,4
117034,430,1,6
8961008212272,60,1,157
8961008270029,300,0,0
118759,1250,1,14
8961008237466,190,0,2
8961008219714,290,0,-4
8961008221434,280,0,0
106537,344.75,0,0
113068,53.2,1,25
113603,300,1,15
113614,14.65,1,140
114069,25,1,83
105079,1440,0,0
100969,1625,0,0
104770,1625,0,0
105177,2455,0,1
108790,6.773,1,90
109753,9.454333333,1,188
112160,16.05866667,0,0
105795,780.76,0,0
104989,250,0,2
8961100023882,50,0,0
111804,31,1,70
111456,28,1,26
110841,23.78571429,0,1
110699,10.28571429,0,-1
119049,180,0,1
119048,270,1,5
8964003576714,270,1,7
119179,330,1,6
8964000515235,120,0,2
8964000515242,210,1,4
8964003576707,180,1,4
110404,28.21428571,1,63
8964000223192,46.34642857,1,16
112266,500,1,8
113491,99.5,1,10
113931,155,1,10
8964004135187,1598,0,0
8961102507540,20,0,0
8961102507564,39.75,0,0
8961008223117,480,1,5
8961008223124,1250,1,4
8961008223148,2850,0,0
8961008235646,2250,0,0
8961008237961,1175,0,0
8961008223179,450,1,4
8961008223155,1195,1,4
8961008222615,2550,0,0
104475,1220,0,2
105059,2150,0,0
8961008235561,990,0,-1
8961008222769,620,0,1
105007,2650,0,1
106251,266.68,0,0
105566,174.44,0,2
119263,51.75,0,2
111363,47.686,1,10
113393,103,0,0
112584,18.66666667,0,0
108751,7.65,0,-31
110291,12.5,1,29
118022,120,0,1
113094,42.85714286,1,103
108784,15.3,1,45
6958239351155,375,1,7
8999777006259,650,0,2
8999777007430,650,0,0
104661,850,0,1
42164104,650,0,0
117731,1800,0,0
115940,720,0,0
4005900614308,1500,0,1
4005808649891,1500,0,1
4005900212290,1500,0,1
4005808135028,1500,0,1
8999777000042,650,0,3
115965,650,0,0
115964,690,1,4
8999777008543,1120,0,0
8999777000318,1120,0,0
8999777000011,950,0,0
4006000020471,1170,0,0
104525,1115,0,0
4005808919031,1800,0,1
4005808278114,1800,0,0
4005808282456,1800,0,0
106957,1625,0,0
4005808319794,1625,0,0
4005900490612,2200,0,0
4005808280827,2200,0,0
4005808280797,2200,0,0
4005808704514,2200,0,0
8999777004552,650,0,0
8999777017293,890,0,1
4005900522023,1500,0,1
4005900640802,1050,0,0
104619,890,0,0
8999777888367,850,0,1
4005808694822,850,0,0
8999777004316,850,0,1
8999777888381,890,0,0
4005808817009,2200,0,0
4005900517920,2200,1,9
4005808817658,2200,0,2
4005808817207,2200,0,0
4005808817603,3000,0,0
4005900511461,3000,0,0
4005808817306,3000,0,0
4005808817405,3000,0,0
8999777004613,650,0,0
4005808837359,1500,0,0
4005900036049,650,0,0
8999777007270,650,0,0
8999777004163,650,0,1
115963,740,0,0
103647,740,0,0
115937,740,0,1
103648,740,0,0
103618,740,0,0
104637,740,0,0
4005808890590,850,1,4
104338,1150,0,0
4006000059303,550,0,-1
4005808313341,1500,0,0
103101,62.5,0,0
4902720125260,2770,1,5
110474,15,1,30
110108,27,1,20
111636,27.0835,0,-20
769503833033,150,1,4
769503833064,80,1,18
769503833019,150,1,13
769503833057,80,1,16
769503833163,150,0,3
769503833170,80,1,5
769503833156,80,1,30
769503833026,150,0,2
769503833149,80,1,24
769503833002,150,1,7
769503833071,80,1,14
769503833040,150,0,1
769503833453,200,1,6
769503833460,120,1,20
769503833415,200,1,7
769503833446,120,1,19
769503833439,200,1,12
118895,40,1,23
105408,124.5,1,8
119124,28.9,1,14
105535,120,1,10
105476,90,0,-1
105475,120,0,-8
105531,120,0,-7
105404,21,0,-22
111412,33.46428571,1,16
105433,135,0,-3
105448,135,1,18
113390,32.72066667,1,126
111830,16.72833333,1,99
108819,10.29166667,1,128
111796,20.33333333,1,136
106045,128,0,2
108382,178,0,0
109770,290,0,0
109950,294.27,0,0
108306,192,0,1
109856,285.35,0,0
109331,26,1,21
111022,43,0,-28
108633,21.252,1,20
110310,34.808,1,43
8961103500120,40,0,0
8961102508882,10,0,-11
8961102508929,20,0,-113
8961102507434,30,0,0
8961102505447,40,0,-50
8961102508905,10,1,4
8961102508943,20,0,-26
8961108501412,30,0,0
8961102505461,40,0,-19
114073,14.41,0,-1
114589,1543.942,0,-5
114590,1543.942,0,0
114598,1761.422,0,-3
109305,17.85142857,0,0
111348,31.78571429,0,0
8961102504532,50,0,-7
112738,8.498,1,15
108008,13,0,-26
118556,275,0,0
1234567890074,450,0,0
1234567890050,850,0,-16
8961101372460,795,1,12
1234567890081,290,0,-6
8961101373269,650,0,1
8961101371883,649,0,-2
8961101371906,699,0,-5
8961101373498,650,0,-3
8961101372699,230,1,11
8961101372965,100,0,0
8961101373108,520,0,1
8961101372156,350,1,28
8961101372064,95,1,120
104972,1350,0,0
80177173,1600,0,2
114404,3000,0,0
6291007500387,500,0,0
6291007500424,500,0,0
6291007500547,500,0,0
6291007500370,500,0,0
6291007500417,500,0,0
8000500224281,220,0,0
117582,2800,0,1
748252469052,250,0,-4
8964003576684,50,0,-2
116818,110,0,0
10023,220,0,0
105772,575,1,4
ORM,30,1,91
118951,170,0,0
110141,12.3,1,499
107907,200,0,1
109928,30.652,1,65
109988,31.145,1,20
107906,170,0,1
109503,24.5,1,10
106835,1100,0,3
8962596633593,10,0,0
116581,30,0,0
8964002868827,15,0,0
108737,27.2,0,-10
108157,15.4,0,0
109554,27.2,1,30
108158,15.4,1,10
8964002867066,520,0,2
110003,650,0,2
100628,410,0,0
100602,410,0,0
110534,38.374,1,20
858167000292,195,0,0
858167000285,290,0,0
858167000476,30,0,1
103591,260,0,0
103594,280,1,5
8964002706341,630,0,0
8964002706365,630,0,0
8964002706389,700,0,0
8964000919712,230,1,22
8964002706310,100,1,6
8964002706150,100,1,34
8964002706648,100,1,14
8964002706167,100,1,38
8964000346334,550,1,9
8964000346679,370,1,46
8964000919934,95,1,75
8964002706181,200,0,2
8964000145739,1150,0,1
8964000145807,2250,0,2
8964000145708,100,0,0
7860000100055,2950,0,1
8964002706174,1550,0,1
106544,344.75,0,0
110664,24,1,28
111325,31.845,1,35
6942239549575,325,0,1
118096,24.075,0,0
110822,28.82357143,1,7
111790,36.94285714,0,0
112847,54,0,0
112345,35.1,0,0
8964000919736,150,0,0
109356,242.58,0,3
108519,8.8275,0,0
108421,8.5,0,0
114187,16.71,0,-2
113833,61.66666667,0,-28
9556564098072,550,0,0
119166,98.08333333,1,12
116860,525.98,0,0
115330,164,0,0
117910,460,0,1
111340,38,0,0
8888209182015,950,0,0
113500,157.1428571,0,0
109541,400,0,-1
109994,260,1,5
115496,400,0,0
111945,45,0,0
108564,219,1,7
116978,210,0,0
111915,47,0,-8
106918,998,0,1
3426366370101,50,0,3
8964001153283,225,0,0
8961101373573,200,0,2
8964001153917,950,0,0
8964001153818,950,0,1
8964001153863,950,0,0
8964001153702,950,0,0
8964001153924,1630,0,0
8964001153825,1630,0,0
8964001153870,1630,0,0
8964001153726,1630,0,0
8964001154563,390.94,0,0
8964001154143,465,0,0
8964001154235,700,0,0
8964001153009,870,0,0
8961101373566,200,0,0
8964001154372,350,0,2
8964001153689,450,0,2
102068,950,0,0
8964001153191,520,0,1
8961101373603,200,0,0
8961101373580,200,0,1
8961101373597,200,0,0
8964001154334,550,0,3
8964001153023,940,0,0
101484,225,0,-1
101499,199,0,-1
105463,124.94,1,4
100516,520,1,4
105403,49,0,1
109912,325,0,0
106447,395,0,3
108991,225,0,0
108120,140,0,0
105560,169,0,0
112801,18.3,0,0
108087,11,1,30
105802,696,0,0
114772,440,0,0
5010622005012,450,1,10
115072,460,0,0
115966,750,0,3
8961003653919,20,0,-34
114317,99.83333333,0,0
119446,80,1,8
119445,80,1,5
119447,160,1,4
8961003659324,50,1,30
8961003654312,20,1,111
8961003652318,40,0,-71
8961003652868,30,1,21
8961003654947,15,1,6
118882,20,1,36
8961003653810,10,0,-2
8961003653025,10,0,-1
8961003654176,10,0,0
8961003654114,10,0,0
8961003046018,20,1,18
8961003026010,40,1,27
8961003659676,50,0,2
110124,15.5925,0,0
112390,80,0,0
107791,40,1,36
112252,29.5,0,0
114217,75.83333333,1,50
115392,150,1,7
115393,150,0,0
113157,24.625,0,0
745125127958,7.5,0,-80
736211016379,130,0,0
745125128467,1.8,0,0
8857764661013,50,1,75
117058,60,1,36
111516,19.00033333,1,90
105738,566.4,0,1
109704,518.25,1,4
109884,19.75,1,139
112077,650,0,2
111504,20,1,170
110308,31.22916667,0,0
108350,18.83166667,1,11
107105,46.66666667,0,0
105418,98.41,0,2
3256986589658,4000,0,0
3292502010442,3230,0,-1
3298658545784,3000,0,0
116021,710,0,0
8850086191404,1800,0,0
111280,98,1,10
111376,415,0,0
108738,196,0,0
109769,280,0,0
114061,80,0,0
111710,15.95066667,0,0
105698,362.83,0,2
116033,75,0,0
116034,75,0,0
116032,75,0,0
104076,70,0,0
104101,200,0,0
769503782164,10,1,64
107961,132.32,0,1
106538,326,1,7
8964001747284,90,0,0
8964001747277,90,0,-11
8964000263679,100,1,15
8964001747253,90,0,-12
8964001747215,330,0,0
8964000263013,90,0,0
899916000316,190,1,14
8964000664254,160,0,-9
8964000660928,110,1,5
899916000613,70,1,12
899916000811,100,0,-67
8964000662007,280,0,1
8964000263976,100,0,1
8964001747031,100,0,0
8964001747079,110,0,2
8964000263990,100,0,0
8964001747017,100,0,-1
8964000263174,100,1,6
8964000263884,80,0,0
8964000263235,100,0,-24
8964000263297,80,0,-1
8964000263112,110,1,24
8964000263518,80,0,0
8964000263136,80,0,0
8964000263150,100,1,4
8964000661314,375,0,0
116762,230,1,9
8964000662397,100,1,39
8964000662403,50,1,235
100347,60,0,0
8886950037011,340,0,-2
8886950037028,340,0,1
8886950037035,340,0,0
8886950035567,10,1,34
8886950035086,400,0,3
8886950035079,370,0,1
8886950035062,400,0,1
8886950035048,400,0,2
8886950035055,400,0,1
8886950035123,645,0,0
8886950035109,635,0,0
8886950035116,650,0,0
8886950035437,165,0,0
8886950035444,165,0,0
8886950039381,360,0,0
8886950031927,148,0,0
8886950031897,150,1,16
8886950031903,150,1,9
8886950031880,150,1,7
8886950031910,150,1,9
8886950031828,162,0,0
8886950031811,162,0,0
8886950031279,80,0,0
8886950039367,277,0,0
8886950039374,475,0,0
8886950031859,118,0,2
8886950031866,118,0,3
8886950031873,118,0,0
8886950031842,118,0,-1
8700216021623,1550,0,0
8700216021517,1850,0,2
8700216021548,1850,0,3
8700216021586,1590,0,0
8700216021739,2850,0,2
8700216021647,2800,0,1
8700216021685,2850,0,1
8700216021692,2550,0,0
8001090559432,2180,0,0
8700216381987,2850,0,1
8700216381970,1850,0,1
8700216021777,1850,0,1
8700216021869,1850,0,2
8700216021807,1550,0,1
8700216021838,1610,0,1
8700216021876,2850,1,4
8700216021968,2650,0,1
8700216021913,2850,0,3
8700216021937,2650,0,1
105116,700,0,0
104473,640,0,0
105109,635,0,0
769503781334,90,1,6
105659,228,0,0
105461,93.59,0,1
116458,11.5775,1,35
108020,147.96,0,-2
107716,135,1,8
112451,3.6532,0,-783
111795,10,1,76
111660,6,0,-16
115316,7.651,1,18
110836,6,0,-268
112401,19.70833333,0,-3
117368,7.5,1,28
100986,30,0,0
8001090791184,450,0,2
8001090789204,450,0,1
8001090792730,450,0,1
8001090789167,760,0,2
8001841918570,5,1,25
4084500944046,1950,0,2
8001090823861,1950,0,1
4084500943827,1950,0,1
8006540333952,450,0,2
8001841494159,450,0,3
8001841494067,450,0,1
8001841494241,450,0,3
8001841494425,450,0,2
8001841494180,750,0,0
8001841494098,750,0,3
8006540333983,850,0,1
8001841494272,750,0,2
8001841494456,750,0,-1
8001841494302,1350,0,1
8001841494487,1350,0,1
8001841494128,190,0,1
8001841494210,190,0,0
8001841494395,190,0,1
108833,17.502,0,0
107354,50,0,2
107377,41,0,-1
107539,80,1,4
107649,120,0,0
108466,135,0,1
745604690911,140,0,0
8901088047043,300,1,5
8901088747370,450,1,8
890108802181,370,0,0
8901088167949,1130,0,0
8961102502286,20,0,0
8961102504556,50,0,-3
100416,330,0,0
9200475776504,210,0,0
9789695098097,172,0,0
8961102451416,76,0,1
8961102451171,3.255,1,100
111854,59.397,1,20
113475,44.66,1,60
113859,63.8,0,0
113971,58.33333333,1,30
113539,37.33333333,0,0
116092,330,0,1
8966000033481,60,0,0
9200475733057,210,0,1
104422,330,0,3
9200475776108,350,1,4
9200743730467,80,0,0
BALOON,10,1,313
9333638552230,250,1,5
8964002527489,90,0,0
8964002527496,40,1,10
8964002526581,30,0,0
8964002526567,20,1,162
100936,200,1,5
102172,150,0,3
103525,120,1,10
112464,972,0,1
114156,60,1,20
RI3389311450,640,0,0
RI3389227450,640,0,0
RI3202114450,640,0,0
116012,85,0,0
116050,78,0,0
104995,170,0,0
104083,165,0,0
104738,250,0,0
104747,100,0,0
1860071012215,110,0,-6
8964002527472,90,0,0
8964002759293,40,1,13
8964002526543,30,0,0
8964002526604,20,0,-73
8901030005176,420,1,4
8901030024023,420,0,0
5017306008321,420,0,-4
8961103502735,50,0,0
104927,3550,0,1
105251,6355,0,1
104928,3550,0,0
8886451004505,6355,0,-1
104554,1575,0,0
8886451004574,3550,0,1
105253,6950,0,1
107980,185.01,1,6
3975575330708,1.173184358,0,-358
114377,3352,0,-9
112907,19.75,1,92
104089,80,0,0
116045,91.66666667,0,0
111293,33.8,1,30
12000800085,230,1,11
12000002946,180,1,7
12000004070,270,1,10
8964000101476,110,0,-11
8964002343850,120,0,-7
8964000103227,90,1,4
8964002344116,160,0,0
8964002344062,110,1,16
116777,80,0,-41
8964002344079,80,1,78
8999999706173,280,0,1
8999999710873,400.85,0,2
105211,395,0,2
4800888152916,420,0,1
8999999710880,250,0,1
8999999706081,170,0,1
118842,140,0,0
8964002994267,550,0,3
8964000833063,450,0,-2
104423,450,0,-1
104424,450,0,0
8964000833988,450,0,1
104778,450,0,0
8964000833094,450,0,1
104782,450,0,0
104779,450,0,-1
8964000833124,450,0,0
104426,495,0,-1
104415,450,0,1
104780,450,0,0
104427,450,0,0
104428,450,0,0
8964000833353,450,0,0
104425,450,0,0
104781,450,0,0
104416,495,0,1
104417,450,0,0
8964000834213,450,0,2
104783,450,0,0
104429,450,0,0
104430,450,0,1
8964000833117,450,0,0
104431,450,0,1
8964002993390,550,0,1
8964002993437,550,0,0
8964000833650,3000,0,2
8964000835975,550,0,0
8964002993482,550,0,0
8964002993512,550,0,1
8964002993451,550,0,1
8964002993468,550,0,1
8964002993499,550,0,0
8964002993505,550,0,0
8964004035289,550,0,0
8964004035296,550,0,0
8964000835968,550,0,0
8961103500519,20,0,-33
8964003123277,450,0,1
108758,5.133333333,0,-60
8961101542399,200,0,-1
7622202020131,10,0,0
7622202227967,30,0,-42
7622202020179,20,0,1
109669,32.28571429,0,0
117367,41.48571429,1,35
107482,130.01,0,-2
8964001107682,300,0,0
111300,20.037,1,30
112706,29.75,1,10
7443258478475,3250,0,1
7443258474699,1074,0,0
106866,975,0,1
107013,1327,0,2
7443258474873,999,0,2
107015,1125,0,0
115228,3250,0,0
4893776004855,3250,0,1
115203,1600,0,0
107269,3750,0,1
111638,409.5,0,0
114869,30,1,54
101365,30,0,2
1000479,200,0,0
117847,495,0,0
1000481,290,0,0
1000480,185,0,0
1004095,225,0,0
114712,378.82,0,1
112818,23.64,1,30
88011127,300,0,0
8801116017157,160,0,0
8964003070762,100,0,0
8964003074296,100,0,1
108108,4.938666667,1,20
108767,9.3,0,-20
2615336444299,16.66666667,1,28
119003,110,1,5
110405,21.28571429,1,63
111478,37.5,1,24
112593,40,1,28
109465,29,1,20
110903,29.28571429,1,28
111778,37.14285714,1,27
108950,15.71214286,0,0
108543,16.03285714,1,14
8964003590468,300,0,1
8964003592431,100,0,0
8964003591571,300,0,0
8964003591595,300,0,1
8964003591502,100,0,0
8964003591588,300,0,0
8964003591489,100,0,0
8964003591465,100,0,0
8964003590475,100,0,1
106875,1260,0,0
107391,103.94,0,3
112330,1.418,1,603
8964002759378,40,0,0
8964002526635,30,0,0
108873,20,0,0
110475,33,1,20
111358,40,1,80
110283,17.82,1,70
110041,24.53642857,0,0
108906,20.5,0,0
113396,45.19964286,1,42
108464,180,1,4
8964001269755,30,0,0
103483,320,0,0
104629,599,0,-1
9609398281605,450,0,0
9609398602967,450,0,1
9609398449753,450,0,0
896236548757,60,1,27
110036,19.425,1,39
107347,113.47,1,10
108285,255.57,1,6
107723,223.56,1,8
109352,323.97,0,-2
110103,15.368,1,50
111125,13.62033333,1,60
115933,1835,0,0
100955,925,0,0
103816,740,0,0
8961014263039,350,0,0
8999999609566,850,0,3
104859,415,0,0
102036,650,0,0
104724,975,0,0
104162,550,1,4
8999999559441,850,0,2
104233,460,0,0
103446,650,0,2
8961014248913,490,0,0
8999999562199,550,0,3
103185,495,0,0
115943,750,0,1
103186,635,0,0
103869,535,0,1
8999999053048,550,0,3
8961014248920,490,0,0
103418,535,0,0
8961014263053,350,0,0
8999999052973,360,0,0
8961014249033,300,0,0
102776,495,0,0
103174,550,0,3
105191,1560,0,0
104903,1560,0,2
8999999609559,850,0,3
8961014248876,270,0,0
102584,350,0,-1
8961014248982,600,0,2
103676,750,0,1
103976,750,0,2
115984,750,0,2
115983,750,0,1
103677,750,0,3
8901030708114,285,0,1
4792081025459,385,0,2
8901030638985,285,0,0
8901030708251,285,0,0
115978,525,0,1
103184,650,0,1
118605,6.51,1,5
113865,2.5717,1,141
112962,6.0772,1,151
1473218000091,250,0,0
744343547166,80,0,0
116715,320,0,0
111190,479.16,0,2
671866117432,20,0,-10
671866277501,50,1,16
671866277020,80,0,-16
6068357308242,320,0,0
6924429854485,120,0,0
6924429853488,160,1,6
4673287693737,120,0,-4
109390,12.5,1,90
106520,396,0,0
105532,130,0,0
107081,40.3,0,0
115304,50,1,60
110904,29.64285714,0,0
109776,21.28571429,0,0
110406,26.07142857,0,0
6978398911113,950,0,0
6978398911120,850,0,2
PR-12,360,0,-1
117248,475,0,0
110050,17.07142857,0,0
112218,12.67,1,104
8964000961247,200,1,5
8964000961834,200,1,5
8964000570395,270,1,5
222676274763,199,0,3
222676274756,275,1,17
6009689195254,100,1,6
924211000348,1200,0,1
8960299249127,30,0,0
116041,20,0,0
110623,15.33333333,1,263
8961003614637,20,0,-125
8961003613630,10,0,-47
8961003614019,15,0,-1
8961003614675,40,0,-12
8961003612282,30,0,-33
8961003612572,50,0,-1
8961003512117,20,0,0
8961003614927,30,0,0
8961003614613,10,0,0
8961003614415,10,0,0
8961003612220,20,1,53
8961003615214,30,1,28
9200508008435,150,1,13
103955,940,0,0
103956,940,0,0
104380,940,0,0
103957,800,0,0
102881,450,1,5
38000845536,450,0,0
5053990107292,450,0,2
38000845512,420,1,8
5053990161607,450,0,3
5053990107353,450,0,0
5053990107384,450,1,4
6920180301381,50,0,-1
107147,1950,0,0
111563,660,0,-1
111036,660,0,2
112194,49,1,20
7641232156078,165,0,0
7641232076079,165,0,0
7961234156075,165,0,0
7123697607659,165,0,0
7964000524580,165,0,0
7647731951107,335,0,1
7647731954078,140,0,0
7647731957079,210,0,0
9647452310045,220,0,2
100398,220,0,3
9647452325049,330,0,1
9647457925046,330,0,0
100343,170,0,0
4773195110545,340,0,0
7647589257079,250,0,0
107164,1990.73,0,0
8886950034171,140,0,0
8886950034164,140,0,0
8886950034188,140,0,0
8886950034140,88,0,0
8886950034157,88,0,0
109110,4.72,1,366
108656,13.13333333,0,0
108528,203,0,0
118086,7.019666667,0,3
112834,7.8125,1,52
108483,10,0,0
106001,107,0,2
106039,132.19,1,4
106015,135,0,2
106200,203,0,2
107967,133.69,1,5
107869,150,0,0
107697,76,0,2
112356,30.631,1,30
109888,12.43333333,1,10
111155,22,1,44
117564,38.6,0,0
117565,48,1,10
103372,680,0,0
104002,970,0,1
8964003627607,220,0,0
8961101623425,10,1,21
8961101623432,118,1,9
8961101623487,118,0,0
107901,200,1,10
117724,1200,1,14
116915,360,1,46
9556564099062,1200,0,2
62980931332,450,0,1
86789021498,200,0,0
110183,24.8,0,0
111301,64.008,1,19
113009,98.2,1,10
105995,350,0,1
106319,205.02,1,7
109354,250,0,0
110610,22.4,1,47
108941,280,1,7
108344,300,0,1
107927,9.333333333,0,0
108586,280,0,1
111242,525,0,0
112373,745,0,2
110362,15,0,0
108554,12.3,1,20
111850,22.2185,1,100
110654,18.4,1,20
8964002347803,800,0,1
5000108478119,1050,0,0
119103,143,0,0
105976,299,0,3
115130,890,0,1
118990,18,1,55
8966000005211,475,1,4
QUIFT WATER BOTEL,320,0,1
710497372794,800,1,4
710497372961,1500,0,0
710497372503,700,0,1
710497372862,510,0,3
710497372916,720,0,3
710497372954,430,0,2
710497372886,1400,1,4
710497372978,750,0,0
710497372817,630,0,2
710497372527,590,0,0
710497372893,1090,0,1
710497372510,550,0,1
113198,48.15,1,59
112327,56.56,0,0
114074,67.53333333,1,75
112387,64.4,1,10
112457,22.5,1,96
6248765458177,3230,0,0
R15,350,1,6
6908051100066,200,1,8
80052487,450,0,-14
8961014018233,190,1,26
8961014018226,210,1,4
8961014018219,210,1,7
8961014018202,190,1,8
8961014018196,190,0,1
8961014008432,190,1,4
8961014008425,190,1,17
8961014008395,190,1,22
8961014008487,160,1,6
4250083000343,170,0,3
8968007246253,100,0,2
4250083000336,390,0,3
4250083000350,250,0,3
8961102505270,100,0,0
870572007994,50,0,1
112545,35,1,20
74603003287,550,1,5
110366,13.91357143,1,14
113260,32.36785714,1,56
112291,23,0,2
112862,26.05714286,1,98
6261715250607,30,0,0
6261422503782,150,0,-41
8964002874200,140,1,8
8964002874385,130,1,7
8964002874323,130,0,2
8964002874163,130,1,4
109499,175,0,0
110880,4.206,0,-51
118890,10.66666667,0,-7
106092,280,0,1
118778,100,0,0
112761,28.16666667,1,30
113535,46.33333333,1,30
115956,365,0,0
745604690706,230,0,0
745604690690,230,0,0
107022,1350,0,0
115560,490,1,5
110791,37,1,20
109552,20.4,0,0
90435355,500,1,18
90457036,500,1,15
744343547104,90,0,0
6931078931818,320,0,3
90162602,500,1,61
111839,850,0,2
108557,313,0,1
102814,160,0,0
102818,160,0,0
118992,20,1,252
658556005729,420,0,0
658556005743,420,0,0
658556005811,420,0,0
658556005835,420,0,0
658556005774,420,0,1
658556005736,420,0,0
108644,8.533333333,1,350
106782,605,1,120
110922,34.2,0,0
108597,10.25,1,64
111678,16,1,98
110823,18.853,1,60
108844,10.7815,1,40
111568,540,0,2
111700,35,0,0
111450,32.85714286,0,0
110275,30.72142857,0,0
110716,34.06785714,1,21
8964000506684,1250,0,2
106412,372,0,3
114108,170,0,0
109490,5.588,0,-45
110179,18.20777778,1,180
8964002344468,50,1,70
309978695301,850,0,3
309978695103,795,0,2
309978695417,795,0,0
309978695516,795,0,0
309978695202,795,0,2
113170,25.214,1,60
112919,656,0,1
106478,365,0,0
106465,385,0,0
8964003385408,205,0,0
105573,215,0,2
8964000507087,495,0,3
8964002291151,320,0,2
111192,43,1,57
109641,13,1,111
105575,135,1,8
8961101540241,200,0,-4
106684,28.25,1,20
111964,78,0,0
105427,44,0,0
105569,170,0,-1
105547,150,0,2
113421,1158,0,0
8964002759132,40,1,5
8964002526239,30,0,0
8964002526253,20,1,48
8964002526277,10,0,0
8964003593841,50,1,9
6936948723920,650,0,3
6260259000389,70,0,0
8964003591328,10,0,0
8964003591342,20,0,0
8964003591366,40,0,-8
8964002759095,40,1,56
8964002526178,30,0,0
8964002526192,20,0,2
8964002526215,10,0,-1
111845,28.42857143,0,-164
111701,27,0,-118
112161,29.04761905,1,446
111702,27,0,-64
112957,40.95238095,1,264
111739,585,0,1
8964000223949,24.409,1,251
8964000223956,39.362,1,108
112146,547,1,29
110611,19.72222222,0,-2
111384,36.58333333,0,0
110205,52.83333333,1,13
112440,60.6,1,20
8961102508714,10,0,-28
8961102508967,20,1,18
8961102507601,30,1,27
8961103503183,30,1,297
116841,44.5,0,0
115474,397.68,0,0
111263,35.668,1,5
112556,71.336,1,10
5060453455371,325,1,6
5056446705776,205,1,5
5060453453452,270,0,0
105661,350,0,2
110079,7,0,-36
110569,17,1,77
119089,270,1,6
8964002686438,350,0,0
6001106309985,650,0,0
6001106208622,650,0,0
8964002686186,650,0,0
6001106309718,280,1,8
6001106309725,560,1,5
6001106208554,1075,1,5
113684,1244.13,0,0
113040,30,0,0
113527,40,0,0
113322,36.66666667,1,30
9780096855289,20,0,1
110801,103.75,1,8
6912345679138,2950,0,1
6912345679169,2650,0,0
5410232215540,350,0,1
6912345678971,950,1,6
6912345678995,950,1,4
110340,37.45,1,40
112178,62.595,1,10
108990,24.076,1,90
110919,41,1,50
112346,61.5,1,5
109638,28.5,0,0
8961102508608,40,0,0
8961102508615,40,0,0
108263,183.91,0,1
107622,6.555,1,14
110821,20.57142857,1,84
112958,38.57142857,1,98
113335,47.85714286,1,112
8964000122112,850,1,4
8964000122129,1500,1,30
8964001359265,250,0,0
8964000122105,525,1,121
8964001358923,90,0,0
8964000123270,100,0,0
107255,4625,0,1
8961006070911,750,0,2
8961006070805,130,1,57
8961006010474,460,1,17
8961006010054,370,1,22
8961006010368,100,1,66
8961006040044,250,1,16
8961006040020,320,1,6
8961006040051,250,1,45
8961006040136,275,0,2
8961006010177,30,1,38
8961006020046,70,1,40
8961006020015,110,0,-48
109766,29.9,0,0
111704,52,1,60
108609,20.5,1,10
113553,70,1,14
109997,28,0,0
111671,45,1,20
108610,18,1,30
116871,47,1,10
111247,22.5,1,10
111304,23,1,60
8964002939183,1350,0,0
8964002939404,950,0,0
118659,67,1,20
110886,45.66666667,1,26
117912,40,1,70
8964003536589,67.2,1,10
109256,27.5,1,60
116856,26.33333333,0,-30
110848,42.551,0,-60
115540,22.02666667,1,20
107328,0.6,0,0
RL12,360,1,4
6912345679077,1450,0,0
R112,3200,0,0
118622,350,0,-1
6912345678940,350,1,7
6912345679091,650,1,8
6912345679053,850,1,4
6953626874514,350,0,2
6912345678919,450,0,2
6912345679060,1400,0,1
6976963360076,2450,0,0
115161,590.01,1,5
109526,26.19071429,1,47
111445,34.28571429,1,73
111333,463.67,0,2
110730,38.752,0,-48
8961103503718,100,0,0
105047,1925,0,0
100921,70,0,0
2578745874593,395,0,-2
103720,550,0,1
8964001243892,16,0,0
116737,1600,0,1
116738,1000,0,1
113834,41.14633333,1,10
114093,55.33,0,0
114309,91,1,30
8964000258910,620,0,0
8964000258903,400,0,1
8964000505861,400,0,0
8964000506325,800,0,1
8964000505021,500,0,0
8964000258873,400,0,2
8964000259146,260,0,0
8964000258989,350,0,0
8964000506936,320,0,3
8964000257586,520,0,0
8964002291441,550,0,1
8964002291458,550,0,3
964000506264,320,1,6
8964000506257,550,0,2
8964000506288,500,0,3
8964000506356,660,0,2
102874,550,0,-1
8964000507292,520,0,0
8964000258385,300,0,0
101898,350,1,4
8964000259948,439,0,0
8964000259030,450,0,0
8964000507667,260,0,1
8964000258804,425,1,4
8964000507650,440,0,0
8964000505380,450,0,2
8964000259986,350,0,2
8964002291427,520,0,3
8964000257661,320,0,3
8964000257685,520,1,5
8964000257876,380,0,2
8964000505236,470,0,0
8964000257425,400,0,0
8964000505298,370,0,0
8964000259467,485,0,0
8964000507681,450,0,3
8964000258927,360,0,0
8964000505090,320,0,1
8964000257104,250,0,3
8964000257166,360,0,0
8964000506677,1359,0,2
8964000506653,1149,0,0
8964000505656,440,1,4
8964000259702,440,1,5
8964000259740,390,1,4
8964000506363,400,1,5
8964000259610,390,1,4
8964000259788,390,1,4
8964000257753,320,1,6
8964002291397,550,0,3
8964000505052,485,0,0
8964000258507,400,0,3
8964000505410,170,0,2
8964000505441,170,0,0
8964000505434,190,0,2
8964000258514,280,0,2
8964000505427,160,0,0
8964000507209,300,0,0
8964000258699,300,0,0
8964000258620,320,0,1
8964000507247,350,0,2
8964000507254,299,0,3
8964000257036,250,0,0
8964000506639,770,1,7
8964000257845,540,1,9
8964000507490,290,1,7
8964000506691,1300,0,2
8964000259085,200,0,1
8964000258392,300,0,0
8964000506707,720,0,2
8964000505922,450,0,0
8964000257654,320,0,1
8964000257784,520,1,11
8964000507063,620,0,2
8964000257869,430,0,1
8964000506929,320,0,0
8964000505755,408.51,0,0
8964001050780,150,0,0
115939,232,0,0
8006540639122,435,0,0
8006540639443,435,0,0
8006540639177,435,0,1
8006540639245,480,0,1
8001841420554,160,0,2
8001841420615,165,1,5
8006540941966,170,0,0
8001841420677,160,0,2
8001841396538,190,0,0
8006540639368,555,0,0
8006540639405,555,0,0
8006540639320,555,0,0
8006540639283,555,0,0
8001841721576,210,0,3
8006540639009,395,0,0
8006540639047,395,0,0
8006540639085,345,0,0
8006540021187,125,0,0
8006540021217,130,0,2
8006540021156,130,0,0
110887,46.2,1,30
116553,250,0,0
8964000767122,50,1,4
108036,240,0,-9
106475,274,0,0
128016691675,30,0,-60
109974,10.382,1,136
788364955111,80,0,0
8964001371427,376.25,0,0
111270,472,0,1
105830,825,0,1
105850,1155,0,0
105776,605,0,0
788364955128,50,1,7
8964002755448,40,1,12
8964002526895,30,0,0
8964002526918,20,1,17
PK SB 40GM,140,0,-1
108828,7.006,1,64
108524,320,0,3
108922,315,0,0
8801073113893,555,1,25
8801073115118,550,0,0
8801073113312,555,1,65
8801073113428,550,0,2
8801073110502,550,0,3
8801073113800,500,1,27
6290483682525,3230,0,0
108788,11.23333333,1,60
107814,150,0,3
119045,1100,0,2
116124,300,0,2
100930,75,0,-2
4988167012615,3.5,1,219
4980501002702,150,0,-5.5
100028,85,0,-5
4986206195107,3.55,0,-457
106418,280,0,3
8964001199014,150,0,-5
8964001199250,120,1,14
8964001199052,120,1,26
8964001199229,150,1,5
8964003537142,74.64285714,1,21
113316,74.645,0,0
112600,49.67857143,1,28
418016,220,0,2
118826,113.42,0,2
116552,225,0,0
105970,117,0,2
106089,155.85,0,2
119051,295,0,1
105907,85.19,0,0
106197,286,1,5
106198,304,0,3
106245,172,0,-1
107261,3550,0,1
10027,400,0,0
10025,250,0,0
94411060111898,350,1,7
6945442200943,250,0,-1
6945442200172,350,0,1
119608,40,1,11
71001,150,1,12
118837,90,1,8
71002,20,1,63
102624,115,0,-1
101620,20,0,-6
109712,16.52,1,20
8961100285952,100,0,0
106941,33.16666667,0,0
100715,1200,0,0
4103040119896,3000,0,0
104852,229.1666667,0,0
115002,2200,0,0
117750,998,0,0
115358,186.68,0,0
107492,5.5,0,0
109053,7.825666667,1,20
107689,3.958666667,0,0
108501,6.115666667,1,30
8964000505076,200,0,3
119439,360,0,2
117500,360,0,-1
41167602201,740,0,3
41167603307,725.31,0,2
41167603208,399,0,2
41167620212,400,0,3
735745797679,130,0,0
792649241080,130,0,-1
8964004257438,395,1,4
8964004257469,440,0,1
8964004257452,330,0,2
8964004257391,395,0,-1
8964004257032,600,0,2
8964004257049,500,0,0
9200475782475,180,0,0
9200475782871,250,0,3
4457132488019,495,1,4
105147,505,1,4
105157,400,0,2
105114,450,0,2
104489,395,0,-1
100582,400,1,6
8964004257001,495,0,2
116090,60,0,0
116089,115,0,0
104895,120,0,0
116088,220,0,0
116559,250,0,0
1507000224997,250,0,0
8964004257421,295,0,3
4457132488026,325,0,0
116091,360,0,2
100355,300,0,1
100334,295,0,-2
4567995365683,345,0,3
1507000227646,290,0,0
8964004257018,380,0,-1
116558,250,0,0
100456,210,0,0
100479,390,0,0
100455,340,0,3
107440,68.84,1,5
107664,100.91,0,2
114079,4.875,1,312
113085,8.37,0,3
111350,33.57142857,1,23
110069,22.97142857,0,0
112872,26.83333333,0,-14
113327,28.98,1,65
111401,16.16666667,1,72
105862,1994.6,0,1
105870,2279.5,0,2
105857,1797.3,0,1
105836,1829.9,0,1
115107,1934.1,0,1
112824,31,0,0
112665,19.46666667,1,45
8964003552213,120,1,21
112234,49.6,0,0
113824,49.093,0,0
114221,66.27633333,1,60
112475,65.002,1,10
111169,45,1,55
118136,440,1,10
117366,760,0,1
114700,50,0,-46
1011051031010,96,1,21
8941174011893,800,0,1
8901088062480,550,0,1
8941174011879,800,0,3
103688,550,0,1
103731,550,0,2
738367327217,12,0,0
738367327361,650,0,3
788821020796,450,0,2
8964000596616,20,1,60
8964000598658,100,1,5
8966000002043,100,1,13
8964000597538,100,1,8
8964003508654,50,1,175
8966000001923,100,1,5
8966000001909,100,1,15
8966000001954,100,1,12
8964000598665,100,1,14
8966000001985,100,1,10
8964000598115,100,0,1
8964003508647,50,1,16
788821024114,180,0,0
101317,100,0,0
101319,140,1,5
101398,110,0,0
101318,110,0,0
101172,250,0,0
101179,250,0,-1
101174,250,0,0
100315,300,0,0
101263,435,0,1
100234,420,0,0
100235,250,0,0
101354,146,0,0
116220,146,0,0
101355,146,0,0
101350,146,0,0
101351,146,0,1
101353,146,0,1
101251,146,0,0
788821151704,350,0,2
101872,206,0,-4
788821001276,250,0,0
788821001252,290,0,0
102308,150,1,8
101329,225,1,4
788821001313,250,0,0
116203,225,1,6
101636,150,1,8
788821001320,230,0,0
101637,290,1,10
101363,250,0,0
101503,225,0,3
788821002099,250,0,0
101493,225,0,3
788821151636,150,1,5
788821001269,240,0,0
788821150967,140,1,6
788821014351,435,0,0
102608,480,0,0
101989,395,0,2
101562,355,0,0
788821014344,480,0,0
788821017390,355,0,0
620514000275,150,1,9
788821152596,130,1,10
788821150141,150,0,-4
788821150790,150,1,13
101313,150,1,25
102014,140,1,10
788821021571,140,0,0
116200,150,1,10
788821021946,100,0,-1
788821151117,120,1,25
788821150370,140,1,5
788821151438,140,1,6
788821151421,150,1,4
788821151261,150,0,1
788821151445,150,1,7
101314,120,0,0
116201,110,0,-3
788821150905,150,1,6
788821150936,150,1,4
101958,150,1,5
788821150387,140,1,4
788821150394,150,0,-4
788821150400,130,0,1
788821150417,150,1,5
101623,150,1,11
102017,130,0,0
788821151278,130,1,4
101397,128,1,8
788821151247,150,1,15
788821151292,150,1,6
101387,110,0,2
788821150257,150,0,3
788821150264,150,0,0
788821015594,150,0,0
788821048028,130,1,21
788821150202,150,1,6
788821150134,150,1,6
136748791967497,150,1,6
788821150189,150,0,1
116202,107,1,8
101638,150,1,13
116204,240,0,2
788821002082,240,0,0
788821021953,180,0,0
101501,290,0,0
788821005465,250,0,2
101513,225,0,0
788821018717,110,0,2
788821150950,150,1,4
788821015600,150,0,3
103810,550,1,4
102059,650,0,0
100720,580,1,4
116198,875,0,0
116218,830,0,0
116217,740,0,0
116216,705,0,0
101726,550,0,2
788821123053,312,0,0
116219,320,0,3
116213,340,0,1
116214,350,1,4
116215,370,0,1
102774,355,0,0
788821152633,270,0,2
101896,440,0,1
101803,390,1,7
102730,340,0,2
788821152664,170,1,6
101456,150,1,4
116199,730,0,0
101305,120,1,5
101203,140,1,6
101344,300,0,2
101388,145,0,2
101585,95,1,4
101403,210,0,0
788821152657,320,1,8
101316,250,1,14
101333,175,1,7
100742,80,1,6
788821111050,80,0,0
101224,100,0,0
788821113177,80,0,0
788821151711,350,1,4
788821016119,30,1,7
788821016126,30,0,-34
788821016133,40,0,0
788821016157,180,1,11
788821016164,180,1,5
788821017963,163.27,0,0
788821013804,45,0,-38
788821013842,45,0,-10
788821013828,50,0,-2
788821003584,100,1,20
8964000843697,400,0,2
8964000022184,265,0,1
8964000020104,90,1,5
8964000020180,175,1,4
8964000020197,315,0,3
8964000843741,818.17,0,1
8964000021934,140,1,29
8964000843017,1220,0,0
8964000020487,220,1,11
8964000020494,312.5,0,2
8964000020531,415,1,9
8964000843123,131.24,0,2
8964000843109,250,0,1
8964000020609,140,1,4
8964000020579,228.16,0,3
8964000843765,230,0,0
8964000843727,356.21,0,0
8964000844298,440,0,1
8964000844328,440,0,0
8964000020821,70,0,1
8964000020661,100,1,7
8964000843826,40,0,0
8964000843789,20,0,0
8964000020784,350,0,2
8964000843819,400.44,0,0
8964000020890,320,0,1
8964000020678,281.97,0,1
8964000020791,320,0,2
8964000020869,280.79,0,1
104125,669.74,0,2
8964000020777,570,0,0
8964000020760,570,0,1
116190,208.2,0,0
103208,377.28,0,2
102654,230,0,2
8964000844670,420,0,1
8964000844663,520,0,1
103463,410,0,2
103149,440,0,0
8964000844632,230,0,2
8964000844625,230,0,1
8964000844656,225,0,0
8964000844618,230,0,1
8964000020456,40,0,0
104280,774.47,0,0
8964000844311,440,0,1
8964000844335,440,0,2
8964000844304,440,0,0
102386,175,0,2
102988,290,0,3
101745,85,1,5
8964000844052,400,0,1
8964000844649,520,0,2
8964000844014,400,0,1
102028,130,1,18
8964000843000,1220,0,0
102690,230,1,24
104677,320,0,0
8964000020319,40,0,0
103502,395,1,22
119148,10,1,168
8964000020203,80,1,13
8964000020289,140,1,9
8964000020296,200,1,5
8964000021569,165,0,0
8964000021620,324.5,0,0
8964000578438,1000,0,0
108721,250,0,3
107654,180,0,-2
855434001365,160,1,4
9780251379629,220,0,-6
103899,450,0,0
745314132022,625,0,0
745314132039,425,0,0
745314132046,600,0,0
111748,650,0,0
102169,180,0,2
103015,420,1,6
104146,380,0,3
102451,665,1,6
100961,350,0,2
101074,570,0,0
100778,330,1,6
8964003820299,200,0,2
102066,280,1,10
102081,500,1,5
102058,215,1,4
102371,400,1,5
8964002137145,1200,1,4
8964001492160,210,1,11
8964001492184,270,1,5
8964001492276,256,1,5
8964002137404,256,0,0
8964002137473,320,1,9
8964002137947,145,0,2
8964003820107,171,1,7
8964003820220,600,1,6
8964002137503,435,0,0
8964001492252,900,0,2
4201010100285,640,0,0
8964002137152,1400,0,3
8964001492177,250,1,5
8964001492191,300,0,3
8964001492283,300,0,3
8964003820114,180,0,0
8964002137411,266,0,0
8964002137480,360,0,-1
8964002137954,200,0,3
8964003820237,650,0,3
8964001492269,1000,0,3
8964002137510,825,0,3
8964002137190,160,0,1
8964003820244,470,1,6
8964001492207,155,1,9
8964003820374,900,1,4
8964002137466,250,0,3
8964001492474,250,1,12
102643,420,1,5
116087,250,0,1
114773,400,0,0
104259,249,0,1
8964001492368,60,1,5
101689,80,1,16
8964003820213,398,1,5
8964003820121,250,0,0
103974,599,0,3
102670,100,0,1
102141,150,0,0
102095,120,1,6
102009,99,1,8
103859,352,0,1
8964002137015,50,0,-1
8964001492641,180,1,4
8964001492757,50,1,9
8964001492627,130,1,16
8964001492764,170,1,4
8964002137336,60,1,5
8964002137282,150,1,14
8964001492702,90,0,-1
8964001492696,100,1,12
8964001492771,90,1,8
8964001492788,150,1,16
8964001492740,50,1,5
8964001492634,100,0,1
8964001492719,100,1,7
8964001492658,150,1,12
8964001492672,140,1,5
8964001492689,200,0,0
102200,160,1,4
103010,299,1,4
8964002137220,700,0,3
8964003820282,200,1,4
8964003820275,350,1,7
8964002137923,600,1,6
8964003820190,80,1,5
8964002137619,220,0,0
8964001492467,195,1,10
8964003820206,420,1,9
6787141046039,250,1,13
8964003223205,250,1,7
1265987526144,450,0,0
6948005371265,185,1,7
6948005371296,185,1,7
7831138216536,160,0,1
117056,420,0,-8
788821022431,130,1,5
788821019622,300,0,2
788821019615,300,0,0
788821019608,300,1,5
788821022394,90,1,6
788821022417,45,0,-4
788821022387,180,0,1
105046,1925,0,0
110062,63.58333333,1,48
8964003094164,30,1,7
8964003094010,20,1,23
735745146460,120,0,0
735745146477,120,0,0
8964003094331,20,1,36
8964003094676,70,1,16
8964003094584,70,1,22
8964003096700,30,1,13
8964003094447,40,1,31
8964003096632,30,0,2
118889,299,1,5
118888,74.75,0,-8
101817,130,0,1
108112,255,0,0
110873,14.8,1,60
109601,29.325,1,10
110913,114.912,1,20
117739,790,0,1
8964003765026,150,0,2
105866,1189.02,0,-1
5099864017823,3250,0,3
5099864017847,3260,0,2
5099864017861,3135,0,0
8710428009074,3260,0,1
8427030008363,3150,0,0
8427030005430,3350,0,0
8427030005447,3350,0,2
8427030005454,3350,0,0
112753,7.2,1,95
8690742162344,360,0,0
8690742162320,350,0,0
5411416058304,350,0,3
5411416058342,340,0,2
114288,27.4886,1,200
111295,15.233,0,0
162510216710054,60,0,0
107687,155,0,2
113002,54.45071429,1,63
111855,42.42857143,1,14
113010,54.84285714,1,70
110114,21.21428571,0,0
111745,33.39285714,1,56
112115,40.20142857,1,126
111985,37.29428571,1,21
118119,40.35714286,1,168
112034,39.01678571,1,112
112800,109.8,1,70
112096,40.71428571,1,42
112050,45.07142857,0,-62
8964000970706,46.41928571,0,0
112167,41.74571429,1,95
112815,55.80571429,0,0
112438,51.90928571,0,0
112508,46.91857143,1,91
8964003536633,45.35714286,1,91
115501,38.14285714,0,0
111640,47.35714286,1,63
105540,130,0,2
109047,5,1,120
106112,185,1,8
8964001558002,299,0,0
8964002550685,50,0,0
8964002550722,50,0,0
8964000578070,100,0,0
8964000578063,120,0,0
8964000578087,230,0,0
101328,210,0,0
8964000578094,180,1,4
796554222011,280,0,0
796554222035,280,0,0
796554222004,200,0,1
796554222028,200,0,-1
102347,320,0,0
100318,320,0,2
102344,320,0,2
102348,320,0,0
101464,135,0,0
8964002548736,99,0,0
796554223063,250,0,2
8964000578797,320,0,3
8935006533288,2055.56,0,0
107110,1465.28,0,1
106535,755,0,1
7172737475765,220,1,7
7172737475772,220,1,17
9780201379440,90,0,0
671866116671,20,0,0
671866116688,20,0,0
671866116664,20,0,0
671866117562,30,1,5
671866117548,30,0,-35
671866117555,30,0,-43
671866117593,50,1,40
671866117579,50,1,51
671866117586,50,1,33
116965,40,0,0
8964000101414,200,0,1
104559,166.6666667,0,0
8964000101957,60,1,119
104748,50,0,0
8964000101421,80,0,-11
6232138210660,50,0,0
3637383940424,220,1,9
3637383940417,220,1,7
5060068528545,350,0,0
118993,200,1,10
116044,130,0,0
9780201379662,130,0,0
6795505312423,220,1,15
6795505331110,90,0,-1
113307,37,1,20
8964002758890,50,1,9
8964000843925,220,0,0
8964000843857,220,0,0
8964000843888,220,0,0
8964000843901,220,0,0
8964000843529,220,0,0
8964000843932,70,0,-1
8964000843895,70,0,0
8964000843864,70,0,0
8964000843918,120,0,0
2583799472268,440,1,6
8964002758913,50,1,8
2707202320018,50,0,0
671866117425,20,0,0
671866117418,20,1,61
671866117401,20,1,37
671866117456,50,1,67
671866117449,50,0,-7
671866277471,30,0,0
671866277440,30,0,0
110728,20.78571429,0,-6
7896423423822,300,1,36
102619,200,0,3
119433,330,1,6
118706,58,1,6
119434,550,0,2
118705,115,1,14
118707,160,1,10
705632760185,80,1,11
5060978176683,220,1,7
8964000570197,320,0,2
8964000570166,110,0,0
8964000570173,180,0,2
105415,40,1,7
106683,500,0,0
106932,960,0,0
8961006010467,440,1,12
105677,339.25,0,1
116892,10.034,1,233
107530,83.92,1,4
107693,9.471,0,-64
108830,17.5,1,20
107692,8.3,1,7
109034,17.1,1,10
8886950018065,289,0,0
8886950018058,289,0,0
8886950018263,160,0,0
8886950018256,160,0,0
7622202223730,150,0,2
7622202229855,10,0,0
119264,11.89466667,1,59
112805,23.267,1,150
110631,11.89466667,1,51
106900,860,0,0
107168,2525,0,0
112347,59.5,1,30
112947,67.5,0,0
113487,127,1,29
112539,82,1,30
106185,300,0,1
106409,300,0,1
106424,395,0,2
106331,395,0,1
113233,49,1,100
105988,180,1,6
8961102504549,50,1,17
8964003592950,10,0,-12
8964003592639,30,1,12
8964003590383,30,1,5
8964002758999,40,1,41
8964002526086,30,0,0
8964002526109,20,1,34
8964002526123,10,0,0
8964002526000,80,0,0
8964002758937,40,1,39
8964002526017,30,0,1
8964002526031,20,1,98
8964002526055,15,0,-2
8964003593001,20,0,-18
8961102505157,20,0,0
8961102505133,10,0,3
9200508008442,150,0,0
9200508045102,50,1,27
9243178633798,200,0,0
102006,85,0,-1
8850632605881,120,1,70
6248765458016,3000,0,0
8964000006054,620,0,0
8964000006115,1850,0,0
100462,40,0,0
119603,180,1,12
118609,150,1,17
118608,100,1,26
6261149054154,30,0,0
8886950066462,180,0,2
8886950066479,230,0,0
8886950066448,150,1,5
8886950066455,150,0,0
8961103501196,10,0,1
113252,42.056,1,36
108707,325,0,2
110612,14,1,60
110260,11.20033333,1,100
8964003378523,40,0,3
106976,998,0,0
8964004135064,998,0,0
107184,1998,0,2
106070,139,0,2
105972,92,0,0
810404143063,220,0,1
108237,11.55,1,10
109941,13.33333333,1,90
40181700982,750,0,0
6260653403649,70,0,1
3384121231114,80,1,8
3384121331111,70,1,5
3011261040107,750,0,3
3384121200042,110,0,-2
6300678900003,395,0,0
9001378680581,525,0,1
3384123990026,60,0,0
3384129900036,100,1,4
6009988335504,310,0,0
3245421944169,450,0,1
3245421944145,435,0,0
3384122191875,650,0,-3
3384126600090,90,1,4
6000045150221,180,0,1
9785020321441,260,0,0
9785020321472,320,0,-1
3245422135443,570,0,0
112863,161.6,0,0
SPORT BIG BOTEL,420,1,6
SPORT BOTEL SMALL,350,1,5
10024,300,0,-5
116036,50,1,23
116577,10,0,0
119443,250,1,4
119072,120,1,19
119095,50,1,19
10026,350,0,-1
5449000012203,230,1,22
90357053,180,1,35
5449000004864,260,0,-3
5449000034137,280,1,13
54491069,120,1,51
117971,240,0,2
40822099,90,1,36
5449000283467,90,1,34
5449000253736,120,0,-1
5449000000729,130,1,36
8961102813269,520,0,0
8961102813238,520,0,0
8961102813245,520,0,1
8961102813252,520,0,0
104991,80,0,0
105138,100,0,0
104978,120,0,0
113258,29.55,1,30
113807,50,1,120
110747,19.04333333,1,60
113898,193.8,0,0
108849,33.03571429,1,7
108850,22,1,10
110799,26.25071429,1,28
101831,60,0,0
116031,60,0,0
8964000858356,60,0,0
110309,20.57142857,1,28
110897,24.28571429,1,14
112000,32.85714286,1,28
110010,3,1,92
119604,3.421333333,1,30
8964003898595,550,0,1
116859,19,0,0
718122102914,450,0,3
8964001076056,390,0,0
8964001076087,390,0,0
8964001076049,360,0,0
8964001076407,420,0,0
12000034220,110,1,10
8964000101551,100,1,67
8964000101704,130,1,4
8964000101711,130,1,7
8964002062928,495,0,2
8964002062959,775,0,1
8964002062935,745,0,1
8961014253139,400,1,4
8961014253184,250,0,0
108572,19.953,1,15
110633,9.0308,1,100
107538,70,0,-3
107749,81,0,1
107304,20,0,-6
8964002289653,230,0,0
8961101239961,200,0,2
8961101239985,133.33,1,87
115743,20,1,55
113921,20,0,0
114032,27,0,0
118702,80,1,7
109737,21.88333333,1,24
101571,40,0,0
101297,40,0,0
8969112244028,350,0,3
106706,826,0,0
112740,5,1,80
8964000192504,170,1,6
8964000192580,295,0,0
8964000192658,900,0,1
8964000192320,590,0,0
8964000192016,340,0,0
8964000192023,250,0,0
8964000192047,450,0,0
8964000192115,150,1,4
5017007601289,1750,1,4
5017007601333,1250,1,4
107647,240,1,8
107648,160,0,1
8964001277828,150,0,-28.5
103857,150,0,-24.25
419684504005,34,1,9
3570036726436,120,0,0
8964002958054,75,1,11
106542,344.75,0,0
102620,120,0,0
102824,180,0,-1
103628,350,0,0
100147,200,1,41
103627,230,0,-5
100376,200,1,22
104037,470,0,0
102832,200,0,0
110104,16.7,1,22
111287,23.316,1,40
8961014265583,750,0,3
8961014265682,480,0,1
8961014266559,10,1,40
8961014266986,450,0,2
8961014265590,750,0,2
119187,225,0,2
8719931958732,390,0,-2
788364728203,570,1,5
8719931958831,360,0,2
788364728210,570,0,2
8719931958633,430,0,0
8961014265323,200,0,1
8961014265361,100,0,0
8961014265354,100,0,0
8961014265347,100,0,-1
8961014263145,99,0,0
8961014263138,99,0,0
8961014263121,99,0,1
8961014265330,200,0,2
8961014262087,199,0,0
8961014262070,199,0,0
8961014262094,199,0,0
8961014265316,200,0,1
111285,370,0,-3
102580,240,1,6
105722,480,0,0
109010,171,0,0
8964000615140,550,1,5
112993,33000,0,2
8964000615225,32.5,0,1
8964001678229,2300,0,1
8964002958436,252.43,0,0
8964002958320,296.12,0,0
8964002958016,350,1,16
8964002958009,230,1,6
8966000040304,900,1,9
8966000040311,1760,0,0
8966000040342,1750,1,5
8966000040335,880,1,8
8964003694784,330,0,1
8964003695026,20,0,1
8964003695002,20,0,-18
8964003695040,20,0,0
8964003695309,20,0,-21
8966000028340,370,0,1
8966000028364,860,0,3
8966000040373,250,0,2
8964002958214,160,1,16
8964002958399,430,0,-1
8964002958313,60,1,15
8964002958375,80,1,12
8964003693640,60,1,8
101804,110,0,0
8964002958047,140,1,18
8961014263299,850,0,1
8851932355438,350,0,0
8961014250404,480,0,0
8961014250411,450,0,0
8851932355339,920,0,0
8851932355315,920,0,1
8851932354332,920,0,0
8851932354318,920,0,0
8851932354325,920,0,0
8851932354301,920,0,0
8961014263312,850,0,0
8961014263305,850,0,2
8961014255461,10,0,-2
104663,550,0,0
8851932355032,550,0,0
8851932355049,550,0,0
8851932354981,550,0,0
8961014250367,450,0,3
8961014250381,450,1,4
8961014250398,440,0,0
8961014250374,450,0,0
8851932355131,830,0,0
8851932355162,830,0,0
8851932353885,830,0,0
8851932353878,830,0,0
8961014251944,750,0,0
8961014251968,750,0,1
8961014261073,620,0,-3
8961014251975,740,0,0
8961014251951,740,0,0
8961014265729,750,0,1
8961014238488,1150,0,0
8961014250497,190,0,0
8961014260724,190,0,0
8961014250503,190,0,0
769503784878,100,0,0
769503785752,30,1,73
8961100285334,300,0,0
769503785790,750,0,0
769503785745,300,1,4
8961014254082,5,0,3
108627,144,0,1
108854,284,0,2
8964000585665,50,0,0
8961100088034,30,0,-19
8961100088027,30,0,-45
8964000585641,30,0,-12
8964000585627,30,0,2
8964000585931,40,1,9
8961100085019,40,0,0
8964000585856,40,0,0
8964000585290,40,1,31
8964000585948,60,1,7
8964000585535,30,0,-36
8961100085026,40,1,15
8964000585764,40,0,-5
8964000585580,50,1,4
8964000585252,60,0,-4
8964000585283,60,1,10
8964000585863,60,0,-1
8964000585771,60,1,7
8964000585405,60,1,12
8964000585610,100,0,0
8964000585870,100,0,0
8964000585788,100,0,0
8961100087051,60,0,3
8964000585092,30,0,0
8964000585108,30,0,0
8961100087112,60,1,19
8964000585658,30,1,11
8964000768778,50,1,7
2302552,230,0,0
114945,100,0,0
102504,200,0,0
102575,370,0,0
102633,180,0,0
101673,50,0,0
788048,100,0,0
116931,500,0,0
113502,37.91533333,1,60
SR-12,380,0,1
107933,158,0,0
108299,10,1,60
110379,14.66666667,1,190
112485,13.5,1,240
8961014265507,50,0,3
100780,50,0,-3
8961014263992,10,1,493
8961014260106,580,1,4
8961014264791,99,0,2
101123,99,0,-1
8961014264166,1110,0,0
8961014264005,20,0,-100
8961014264289,290,1,4
8961014264012,50,1,6
8961014264678,799,0,2
8961014264685,420,0,2
8961014267044,325,1,4
8961014267051,650,0,3
8961014266641,199,0,2
8961014266528,600,0,3
8961014266511,300,0,3
8961014266672,50,0,0
855434010572,160,1,5
110149,1.6,1,138
119102,24,1,10
51001,30,1,287
8961100310104,170,0,2
116906,1200,0,0
114917,40,0,0
109662,9.630333333,1,30
110257,10.72066667,1,60
119098,80,1,8
8888209181216,950,0,1
6904232676764,320,0,-2
3870400085351,40,0,0
116042,800,0,0
116043,750,0,0
102263,290,0,0
103808,540,0,0
106138,178,0,1
106169,191,0,3
106267,229,0,0
115132,285,0,2
108394,178,0,0
108566,191,0,0
117719,13.065,1,19
112632,28.66666667,1,82
110657,14.25,0,-57
110918,215,1,5
105837,1100,0,-1
117997,43,1,7
111208,31,0,0
111709,37,1,42
111803,38,0,-30
112602,42.00071429,1,7
117151,44,0,0
112107,36.975,1,4
116877,41.044,1,4
118444,36,1,8
8691257881584,550,0,0
8691257881683,250,0,1
116970,2200,0,0
757528005276,900,0,0
113577,44.55,0,0
114172,133.2535,1,90
113660,77.7,1,61
113536,287.5,1,10
110583,39.16666667,0,0
118308,147.27,0,1
118652,24.841,1,10
7622201722777,100,1,6
7622202399664,100,1,18
7622202399633,100,1,7
7622201722739,100,1,13
7622201718695,2100,0,0
7622201719371,330,1,9
7622201719319,350,1,8
7622201719289,350,1,5
7622201719340,350,1,10
7622201716387,830,1,13
7622201716356,830,1,8
7622201718572,25,1,105
7622201718633,25,1,144
7622202366628,700,0,1
7622201718664,25,1,72
7622201718602,25,1,87
8964001165415,150,0,-2
8964001165231,150,0,2
109248,23.5,1,22
110609,31,1,30
101865,250,0,2
8961103600516,720,0,0
8961103600851,1000,0,3
815096001141,190,1,4
115007,750,0,0
8961103600585,380,1,16
119042,160,1,8
815096000908,250,0,0
815096003213,600,0,2
114959,700,0,0
8961103600530,900,0,-3
8961103600493,1800,0,-1
815096000915,990,0,0
815096000069,1100,0,0
8961103601872,190,0,0
114876,380,0,0
8961103601889,370,1,21
8961103600462,190,1,28
8961103600370,880,0,0
815096005644,1800,1,7
8961103602008,1700,0,-1
114901,260,0,0
815096000397,250,0,0
8961103601094,250,0,1
815096003442,250,0,1
815096000342,250,1,5
815096000373,250,0,0
8961103601131,250,0,0
815096003435,250,0,0
8961103601070,250,0,2
815096000595,250,0,0
8961103601148,250,0,0
8961103601155,260,0,0
815096002148,250,0,3
8961103601124,250,0,0
815096002155,250,0,0
116776,24.796,0,0
110816,37.248,0,0
8908014636005,60,0,-3
8964000146651,70,1,27
116938,1725,0,0
8964001035244,750,0,0
105725,390,0,1
112428,38.92857143,0,0
8964002867981,33.14285714,1,28
5012345678900,950,0,2
107889,150,1,4
107818,36,0,-9
110265,12,1,97
8961102505621,20,0,0
8961102505638,40,0,0
6971282341157,899,0,0
8964000506660,850,0,1
105472,96.5,0,0
8964002895410,50,1,11
110011,9.9938,1,170
111869,40,1,33
109774,24.39285714,1,43
111297,53.911,0,-5
111870,56,1,30
108635,14.5,0,-21
109504,26.707,1,5
109557,25.992,0,0
111629,33.38571429,0,0
112515,49.67142857,0,0
108611,18.24,0,0
109851,28.5,1,20
111193,41.439,0,0
110042,30.21,1,20
111140,41.04,1,30
111196,29.64,0,0
117514,16.0952381,1,59
109488,36.85714286,1,77
107679,13.70857143,1,37
108347,22.35714286,1,9
110266,22.5,0,0
111447,31.84642857,1,42
106430,254.22,0,1
111595,51,1,22
112672,67.5,0,-10
112621,57,0,0
106356,330.84,0,3
106574,380,0,2
111558,40,1,10
112639,57.5,1,15
108140,180,0,2
110668,14.16666667,1,30
112064,18.82366667,0,0
112378,23.279,0,0
109956,9.3868,1,140
109731,27.361,1,16
112043,46.5,0,-3
103084,75,0,0
100612,62,0,0
123456,500,0,0
111507,151.5033333,1,9
8964003627447,400,0,0
788821062192,230,0,0
8964000570456,280,0,0
8964000572726,280,0,0
8964000570432,280,0,0
8964000572702,280,0,0
8964000570463,440,0,0
8964000572733,440,0,0
8964000570449,440,0,0
8964000572719,440,0,0
111016,25.285,1,13
112314,27.281,1,40
112323,455,0,-1
7502001982789,600,0,0
6970392211305,500,0,1
119432,450,1,13
115284,54,0,0
112164,31,0,0
108691,199.94,0,0
109072,175,0,0
108938,248.25,0,3
6927799689190,100,1,5
101927,70,0,0
6927262800534,60,0,0
101928,60,0,0
104419,250,1,6
8961100002900,180,0,2
8961100001019,220,0,0
88822426,650,0,-6
8961003692017,20,0,0
8961003694271,10,0,-60
116013,40,0,0
1358946467012,270,0,2
12345,10,1,48
8964000088197,220,0,0
8717185381269,1550,0,2
112890,26.66666667,1,60
112906,23.33333333,1,10
113323,30,1,90
112473,599.01,0,2
7614500010013,950,1,5
76145759,349,0,3
103605,270,0,0
105807,731.6,0,-1
105806,336.13,1,13
111467,533.39,0,3
T5,5,1,1825
8964000158692,220,1,6
8957962044059,250,1,23
109089,19.516,0,-2
110928,22.75,1,6
111197,43.725,1,7
6260128707357,70,0,2
115311,200,0,3
6936805410024,150,0,0
116416,170,1,30
8964002992591,330,0,0
116082,275,0,1
116083,275,0,3
8964002992256,275,0,2
8964000834466,275,0,0
8964000833209,275,0,1
8964000835999,275,0,0
116081,275,0,-1
116078,295,0,1
116086,275,0,0
8964000833193,295,0,0
116084,275,0,2
8964002994052,260,0,0
8964000833179,275,0,2
116080,260,0,0
116079,275,0,2
8964002994069,275,0,1
116085,275,0,0
8964002994045,295,0,2
8964002992584,330,0,0
8964002993543,350,0,0
8964002992638,330,0,0
8964002993581,330,0,1
8964002992508,350,0,1
8964002992522,330,0,2
8964002994502,330,0,0
8964002992447,330,0,0
8964002992492,330,0,1
8964002992461,330,0,2
8964002993598,330,0,0
8964002994434,330,0,1
8964002992621,330,0,0
8964002994441,350,0,0
8964002994458,330,0,0
8964002992560,330,0,0
8964002992515,330,0,1
8964002992546,330,0,0
8964002994472,330,0,0
8964002994496,350,0,3
8964002992423,350,0,1
8964002992416,330,0,0
8964002992454,330,0,0
8964002992485,330,0,0
8964002994489,350,0,1
8964002992614,330,0,0
8964002992430,350,0,0
8964002994519,330,0,3
8964002993536,330,0,0
8964002994465,330,0,-1
8964002992553,350,0,-1
113829,25.6,1,50
114075,32.2,1,60
113186,155.776,1,4
114722,170,0,0
8697439300195,220,0,1
116810,45,0,0
101923,58,0,-1
43297013346,45,0,-11
4904530584923,80,1,6
4904530108143,100,1,12
4904530591952,350,1,7
8964001199137,150,0,0
6291101522728,200,0,1
6291101522315,200,0,0
6291101526016,175,0,0
6291101522360,120,1,4
6291101520304,200,0,0
6291101522841,200,0,0
114574,3040.13,0,0
8964002474646,170,0,0
8964002862160,60,0,0
8964002474653,170,0,0
116808,16.7,0,0
109116,25.001,0,0
111616,114.992,0,0
108549,23,0,-1
110926,40.2,1,9
108845,45.5,1,40
116018,330,0,1
116019,320,0,1
116016,445,0,0
116017,160,0,0
113933,23,1,227
112571,46.3,0,-5
112976,83.385,1,10
113905,151.5,1,8
105872,1854.29,0,1
792625894781,1050,0,-1
106270,264,1,9
106133,176,0,-2
8961014238433,930,0,0
8961014253856,470,0,0
113330,33.79285714,1,84
109852,20.35714286,1,14
110544,26.57142857,1,28
113303,33.06,1,84
7398222201439,90,0,1
8964000767993,50,0,2
7398881114590,50,1,45
7398880031034,100,1,18
8964000768471,160,1,4
73982206807,60,1,83
7398880141207,70,0,2
8964000768990,699,0,0
8964000768983,490,0,1
8964000768938,80,1,66
8961103810502,220,1,4
108339,350,1,5
104968,950,0,2
8710447224311,950,0,1
8710447224366,950,0,2
8710447224342,895,0,0
8961014256383,520,0,1
103950,950,0,3
104255,950,0,3
105181,950,0,1
8999999526344,650,1,7
8999999526382,650,1,5
8961014256390,930,0,0
111743,76.71428571,1,7
112677,45.85714286,1,14
112320,39.42857143,0,0
118058,40.5,1,82
112079,42,1,56
112006,37.45714286,0,-24
111982,41.6,1,28
112679,55,1,36
112432,42.78571429,0,0
112374,47.2,1,14
100792,56,0,-1
110486,150,0,2
12546011600,370,0,2
70221013868,350,0,1
12546011440,380,0,0
70221008642,380,1,6
70221008727,375,0,2
70221008680,370,0,1
70221008703,350,0,0
12546011136,370,1,15
12546011624,380,0,1
70221008628,370,1,18
12546011099,320,0,1
111203,17.00035714,1,56
7398880141016,60,0,-4
108580,191.38,0,3
8964000424995,20,0,-284
8964000424667,50,0,-546
6053889453249,50,0,2
6053889453362,150,0,3
6058894530046,100,1,5
6058894530039,60,1,5
6058894530121,95,1,4
6058894530220,190,1,6
6058894530213,75,1,6
6058894530022,120,0,0
117346,150,1,5
109417,5,1,444
109409,2.3891,0,-34
112810,35.86392857,1,14
113206,43.2,1,42
111228,105.6,1,10
108019,170,0,2
105954,290,0,2
8964000043936,450,0,0
8964003916541,120,0,1
8964003018344,240,0,0
8964000043929,450,0,0
8964003916558,120,0,-1
8964000730058,250,0,0
8964003018320,240,0,0
8964000043943,430,0,0
8964000043059,430,0,0
8964003018337,240,0,0
8964000730041,340,0,0
109403,4.5,0,-50
115286,80,1,12
116692,240,0,0
8961003624575,20,1,34
8961003625978,40,1,4
8961003623172,10,0,3
110909,93.024,0,0
8961006070812,750,0,1
112288,80,1,18
108415,200,1,4
671866117609,20,1,18
671866277891,50,0,-20
5000159559485,280,0,-22
105601,199.09,1,4
110620,27.57142857,1,79
111336,38.57142857,1,24
117911,22.85714286,1,7
4113606112025,70,1,4
110349,413.49,1,6
110940,344.63,0,-3
119289,20,1,252
109456,15,0,0
117584,2800,0,3
112611,20.25,1,10
113467,36.66666667,0,0
118264,120,1,10
113472,30.244,0,0
115419,380.24,0,1
110311,38.024,0,0
1567793,78.75,1,15
113476,120.003,1,24
6920231223044,1350,0,3
106667,750,1,4
112693,46.39071429,1,42
112315,39.53571429,1,28
111144,29.30714286,1,14
107770,3.622,0,0
107434,2.173,0,0
113343,30,1,84
113237,28,1,42
112711,21.25,1,28
119172,170,0,1
8961100360154,150,1,10
788,100,0,0
104278,449,0,0
8901030425806,375,0,3
8901030025280,450,0,0
103065,420,1,9
6001085121028,420,0,0
105038,415,1,7
115990,415,0,1
115985,415,0,-6
115986,925,0,2
115987,950,0,3
6001087005654,950,0,2
6001087006835,950,0,1
115989,320,0,-1
103620,320,0,0
102442,320,0,1
103621,295,0,0
60014399,320,0,0
305210231597,590,1,11
115925,350,0,0
115926,350,0,-1
104158,350,0,1
115924,350,0,-1
115976,490,0,-2
115977,270,0,-1
6291105153287,320,0,3
103832,420,0,-1
103207,420,0,3
103833,420,0,2
8999999024772,357,0,0
8999999003067,420,0,0
103835,420,0,3
8999999045579,820,0,3
8999999003098,820,0,1
8999999020293,820,0,2
8999999003050,820,0,2
103999,540,0,-1
8999999035495,740,0,0
104583,820,0,2
104542,1480,0,0
7899,70,1,4
6281006450158,550,1,5
8999999045562,420,0,3
112109,41,0,0
104113,438,0,0
104301,438,0,0
5022496103046,438,0,0
6291069705348,350,0,1
6291069724820,350,0,3
6291069705355,350,0,3
102466,350,0,3
6291069724813,350,0,0
6291069705324,350,1,4
8964002493234,350,1,4
6291069709773,330,0,2
6291069651072,560,0,0
6291069704037,560,0,0
103412,560,0,0
102163,559,0,0
6291069704051,560,0,0
103416,560,0,0
6291069757354,560,0,0
726529732290,350,1,5
101545,410,0,1
101544,410,0,0
6291069706390,420,0,0
103074,410,0,1
103073,400,0,2
6291069712179,420,0,0
103075,410,0,0
103076,410,0,1
114222,2426.18,0,2
110154,24.8,0,0
2454669520108,27.5,1,42
8961101230685,740,0,0
8961101234089,980,0,0
8961101233976,980,0,0
8961101234041,980,0,0
8961101234065,250,0,0
8961101233952,250,0,0
8961101234027,250,0,0
8961104280137,250,0,3
8961104280106,250,0,0
8961104280168,250,0,3
8961101234058,550,0,0
8961101233945,495,0,1
8961101234010,495,0,1
8961104280144,495,0,0
119413,495,0,-1
8961104280175,495,0,1
8961104280120,980,0,3
8961104280182,980,0,0
6295120019900,750,0,3
6295120019894,750,1,6
8961101232764,750,1,5
8961101231507,450,0,0
6001106209803,250,1,4
8961101232221,235,0,0
6001106209650,250,1,5
6001106209797,495,1,4
6001106209643,495,1,4
8961101231354,495,1,6
8961101230678,740,0,3
8961101231491,450,0,0
8961101234034,1900,0,0
8961101233969,1690,0,0
8961101234072,1750,0,0
119585,41.42857143,1,14
119586,440,0,1
119587,25.71428571,1,14
89601785,280,1,4
6253341410784,200,1,14
89601365,250,1,15
100209,160,0,-1
6253341422282,250,1,6
6253341425474,280,1,8
89601372,270,1,11
89601778,280,1,4
6253341429618,300,1,5
6253341410722,220,1,8
6253341432076,250,0,0
6253341429649,300,1,5
6253341432045,200,0,0
6253341407784,250,1,6
6253341429489,260,0,1
6253341429519,250,0,0
6253341422312,250,1,8
109361,32.5,1,61
111682,59.37083333,1,57
110954,455.39,0,0
108332,189.75,0,0
109040,251.42,0,0
109370,345.32,0,2
111180,615,1,4
101833,84,0,0
114397,760,1,5
111825,32.25071429,1,28
109799,28.90142857,0,0
110794,13.144,1,60
112004,15.33366667,1,60
105682,383,0,0
107441,66.79,1,4
107785,143.54,0,0
107528,116.99,1,4
108267,9,0,0
108229,41.6,0,0
107606,150,1,4
111359,35.41666667,1,34
106377,266,0,0
111429,44.5,1,20
112493,68.002,1,50
8961103501929,40,0,-4
115822,375,0,0
115842,4500,0,0
116070,900,0,0
113710,10.5115,0,0
4987176013866,320,0,0
100848,240,1,7
8006540139530,1230,0,0
112698,30.68,1,30
111337,38,0,0
117566,396,0,0
105432,160,0,-1
107787,146,0,-1
109011,296,0,-1
107876,91,1,8
839796000525,300,0,0
839796000518,90,0,0
4014009356804,1500,0,0
105799,712.15,0,-2
113439,39.28571429,1,140
116729,1575,0,0
8964232462666,150,0,2
8964232462628,150,0,0
8964000627419,30,0,1
112002,38.57142857,1,28
111486,28.28642857,1,55
111859,35.57142857,1,84
112951,24,1,112
112040,40,0,0
112041,40,0,0
8020470925388,2000,0,1
8964000660973,120,0,1
8964000663288,70,0,0
5010438005701,100,0,0
745314132008,925,0,0
745314132015,380,1,15
107559,4.299,1,60
89655559,50,0,-11
8964000008072,720,0,1
8964000008812,240,0,0
8964000819289,30,1,13
8964000819883,370,1,5
8964000008430,50,1,9
8964000008027,900,1,4
8964003729011,100,1,8
8964000008119,190,1,16
8964000008034,1100,0,1
118336,300,0,0
117779,9.266666667,0,0
114152,68.95,0,0
110358,450,0,0
106176,200,0,0
106539,450,0,2
118811,250,1,4
106605,470,0,2
112399,25.5,0,-41
107926,3.233333333,0,-5
108862,12.967,1,50
117956,43.75,1,4
111272,29.22857143,0,0
112676,50.82,1,38
111327,27,0,0
112635,53.57142857,1,9
118122,31.42857143,1,40
117347,44.28571429,1,14
111799,30.535,1,28
115541,39.4,0,0
113478,12.0804,0,-111
117404,350,0,0
115271,53.8,0,0
110885,17,0,-5
112333,6.0982,0,-51
113251,11,1,35
111186,28.44285714,1,57
112355,41.78571429,1,112
111828,16.08833333,1,60
112290,57,1,40
110109,30.78,0,0
116749,1700,0,0
705632761526,350,0,2
8961014033762,80,0,0
8961014050530,80,1,5
8721274610017,850,1,4
8961014037432,850,0,2
8961014037319,850,1,6
8961014033359,899,0,0
8961014037555,899,1,4
8961014051582,850,0,-6
8961014037302,850,0,2
8961014033748,180,0,0
8961014017564,100,1,12
8961014017359,40,0,-70
8961014017335,40,0,0
8961014037388,450,0,1
8961014032673,450,0,0
8961014037357,499,1,7
8961014032260,699,0,0
8961014032697,450,0,0
8961014023718,699,0,0
8961014032635,500,0,3
8961014032642,449,0,-4
8961014032680,499,1,4
8961014034547,499,0,0
8961014023701,699,0,0
8961014034400,700,0,2
8961014051179,449,0,2
8961014032659,449,0,3
8961014033793,80,0,0
8961014032802,50,1,18
8961014018486,50,0,-167
8961014034578,50,1,206
8961014037609,25,0,-2
8961014021424,180,0,-1
100054,130,0,0
8961014034264,180,1,63
100890,80,0,-2
8961014014242,140,1,115
8961014032192,140,1,49
8961014024517,140,1,162
8961014014198,140,1,71
8961014034240,100,1,15
8961014032246,90,1,17
8961014032239,80,1,94
8961014034523,180,1,87
8961014024418,30,0,-417
8961014032178,100,1,32
8961014017571,100,1,87
8961014019520,20,0,-5
8961014017748,40,0,-27
8961014004922,300,1,38
8961014002768,300,1,24
8961014023855,20,0,0
8961014032208,25,1,82
8961014050547,40,1,49
8961014022544,40,0,-6
8961014021509,20,1,310
8961014024203,40,1,59
8961014017595,40,1,91
WATCH 350,350,1,4
WATCH 475,475,1,5
WATCH 750,750,1,17
105519,102,1,6
105494,90,0,0
107299,9,0,-2
8964001179641,70,0,0
8964001179634,50,0,0
8961103501059,50,1,58
118749,1150,1,9
117934,220,0,0
115979,590,0,3
115980,660,0,0
115981,590,0,0
115982,660,0,0
102191,160,0,0
102192,160,0,0
102193,160,0,1
7740892416918,100,0,1
8961003685125,20,0,-20
8961003011832,100,1,4
8961003683008,20,1,68
8961003682018,50,0,-17
8961003011849,100,1,22
8961003682001,50,0,-15
8961003683114,20,1,35
745110860884,285,0,3
705632329054,530,0,2
117586,3000,0,3
8964001291459,30,0,1
8964002526970,85,1,4
8964002526949,100,1,4
8964002526956,30,0,0
8964002526987,25,0,-21
116796,600,0,0
116795,1500,0,3
112153,4.32,0,-4
112979,9.0826,1,159
100960,275,0,-2
8964000241103,60,0,0
100439,315,0,0
116820,20,0,-21
769503781228,20,1,20
769503781778,10,1,13
987654321098,370,0,1
105493,125,1,5
118015,5,1,57
JAF03444,150,1,7
8964000860311,30,0,0
105789,802.51,0,1
108709,10.2685,1,60
109642,26.791,0,0
109274,27.463,1,10
113915,1490,1,30
111345,44,0,0
112897,53.57142857,1,14
109850,29,0,0
113203,63.57142857,1,49
105483,380,0,0
111746,96,1,10
110902,27.68571429,0,0
112384,42.34285714,1,84
111972,35.75,1,77
111973,38.2525,1,126
111974,35.75,0,-14
111115,28.98857143,1,42
111116,29.72571429,1,84
111117,28.98857143,0,0
111267,36.23571429,0,0
111961,37.07214286,0,0
112875,52.60285714,0,0
111216,29.87071429,1,70
111606,28.92857143,0,0
111355,44.64285714,0,0
105724,394.5,0,1
105800,579.11,0,0
111051,43,0,0
112492,65,0,0
112111,37.48642857,1,42
110551,25.24571429,1,14
109743,32.098,0,0
112231,40.39785714,0,0
110392,26.87142857,1,28
111017,28.5,1,301
117896,32.774,0,-20
117629,18.908,0,-20
109556,27.312,1,160
108197,15.757,0,0
117342,20,1,10
110580,47.8,1,20
112063,67,1,54
108976,25,1,94
117863,41,0,0
116072,54.5,0,0
116071,23.5,0,0
116489,280,0,0
105924,71,0,3
107545,80.25,0,1
109883,14.267,0,0
105420,56.16,1,6
107433,71.95,1,10
109455,9,0,0
117585,2000,0,1
6415160411674,10,0,0
113534,1390,0,1
116011,243.33,0,0
116009,30,1,18
116010,50,0,-9
8961102502545,100,1,14
8964000061831,375,0,2
8964000061848,650,0,2
8964000061855,900,0,1
8964000061688,150,0,0
8964000061596,1400,0,2
8964000062609,350,0,1
8964000062654,350,1,4
8964000061534,330,0,-1
8964000061558,45,0,2
8964000061541,740,0,0
8964000062616,780,0,2
8964000062661,770,0,2
725765614803,330,0,2
725765614810,850,0,2
8964000061725,320,0,0
8964000061701,540,0,0
8964000061718,860,0,0
8964000063170,406,0,0
8964000061343,1050,0,0
8964000061305,290,0,1
8964000061268,270,0,3
725765613516,42,0,0
8964000061350,42,0,0
8964000061367,42,0,0
725765613592,42,0,0
725765613530,510,0,1
8964000061312,630,0,1
8964000061275,535,0,2
103562,560,0,2
8964000061169,90,0,1
8964000061459,640,0,0
8964000061121,720,0,3
8964000061442,150,0,1
8964000061480,330,0,1
8964000061107,190,1,5
8964000061138,1150,0,2
8964000061183,45,1,16
8964000061435,400,0,2
8964000061473,660,0,2
8964000061114,450,0,3
725765615503,725,0,0
725765615510,750,0,0
725765615527,830,0,0
725765615541,780,0,0
8964000063132,430,0,0
8964000062876,250,0,0
8964000062852,530,0,0
8964000062869,920,0,0
8964000061626,270,0,-1
8964000061633,512,1,5
8964000063156,405,0,0
8964000062975,395,0,0
8964000062982,395,0,1
114115,100.3035,0,0
117547,699,0,0
8961102502897,50,1,9
8961102503719,10,0,-11
8961102502903,50,0,0
116548,10,1,43
8961102504228,20,0,0
8992741955119,45,0,-1
116038,70,0,1
8992741904254,70,0,0
116040,70,0,0
116039,70,0,0
8992741905381,70,0,1
116539,0.416666667,0,0
116550,0.416666667,0,0
116537,0.416666667,0,0
116540,0.416666667,0,0
116541,10,0,0
116545,0.555555556,0,0
116544,10,0,0
116546,0.277777778,0,0
8961102508684,20,0,0
100669,450,0,0
107558,4.3465,0,0
109598,23,0,0
115118,155,0,3
8901248801263,200,0,-9
100271,200,0,-1
108125,200,0,3
110854,11.76666667,1,144
111502,37.5,1,42
112851,53.57142857,1,14
109665,24.39857143,1,52
117218,26.85766667,1,82
112076,38.78571429,1,87
110697,24,1,54
110769,26.86142857,0,-19
111685,36.76214286,1,79
108068,8,1,60
108960,12,1,80
109911,12.65,1,100
111133,18,1,100
8961003091056,10,0,-21
8961003644443,20,0,-11
8961003021022,40,1,25
8961003644573,20,1,59
109922,10.16666667,0,-30
107345,98.34,0,2
107338,44.03,1,12
108662,9.388,0,0
107700,4.79,0,0
109496,12.483,1,120
113723,49.37285714,1,84
110738,34.5,1,28
112829,53.42142857,1,98
108716,17.92928571,1,28
111602,49.332,0,0
110017,301,0,1
111370,85.33333333,1,6
107412,65.2,1,20
108897,11.1,1,15
118809,35,1,16
112624,19,1,90
113399,29,0,0
111763,486.14,0,0
107609,87.28,0,0
109617,365,0,-1
113712,134.74,0,0
100769,66,0,0
107800,140,0,1
107892,140,0,3
115455,380,0,1
792625892817,450,0,-1
792625892800,450,0,2
792625892824,450,0,0
112625,21.99833333,1,57
107499,4.069,1,20
116913,913,0,1
112922,200.0625,1,13
109533,18.48571429,1,28
111226,31.84571429,1,28
111059,29.64285714,1,42
112410,37.50071429,1,42
118925,75,1,36
117814,106.6666667,1,16
115530,34.9,0,-20
110259,26.03071429,1,42
9200507036170,0.5,0,0
110063,27.37642857,1,34
112916,40.7,1,15
113149,27.90833333,1,60
110607,26.5,0,0
112196,31,1,49
113285,49.5,1,10
108322,3.6496,0,0
109437,8.907333333,0,1
107615,101,0,3
109311,13.01533333,1,108
110018,298.32,1,4
109494,59.035,0,0
111617,85.57166667,1,15
